Tempo,Progresso,Peers Conectados,Peers Totais,Download,Upload
0.0,0.0,0,0,0 kB/s,0
0.0,0.0,0,0,0 kB/s,0
0.0,0.0,0,0,0 kB/s,0
0.0,0.0,0,0,0 kB/s,0
0.0,0.0,0,0,0 kB/s,0
0.0,0.0,0,0,0 kB/s,0
0.0,0.0,0,0,0 kB/s,0
0.0,0.0,0,0,0 kB/s,0
0.0,0.0,0,0,0 kB/s,0
0.0,0.0,0,0,0 kB/s,0
0.0,0.0,0,0,0 kB/s,0
0.0,0.0,0,0,0 kB/s,0
0.0,0.0,0,0,0 kB/s,0
0.0,0.0,0,0,0 kB/s,0
0.0,0.0,0,0,0 kB/s,0
0.0,0.0,0,0,0 kB/s,0
0.0,0.0,0,0,0 kB/s,0
0.0,0.0,0,0,0 kB/s,0
0.0,0.0,0,0,0 kB/s,0
0.0,0.0,0,0,0 kB/s,0
0.0,0.0,0,0,0 kB/s,0
0.0,0.0,0,0,0 kB/s,0
0.0,0.0,0,0,0 kB/s,0
0.0,0.0,0,0,0 kB/s,0
0.0,0.0,0,0,0 kB/s,0
0.0,0.0,0,0,0 kB/s,0
0.0,0.0,0,0,0 kB/s,0
0.0,0.0,0,0,0 kB/s,0
0.0,0.0,0,0,0 kB/s,0
0.0,0.0,0,0,0 kB/s,0
0.0,0.0,0,0,0 kB/s,0
0.0,0.0,0,0,0 kB/s,0
0.0,0.0,0,0,0 kB/s,0
0.0,0.0,0,0,0 kB/s,0
0.0,0.0,0,0,0 kB/s,0
0.0,0.0,0,0,0 kB/s,0
0.0,0.0,0,0,0 kB/s,0
0.0,0.0,0,0,0 kB/s,0
0.0,0.0,0,0,0 kB/s,0
0.0,0.0,0,0,0 kB/s,0
0.0,0.0,0,0,0 kB/s,0
0.0,0.0,0,0,0 kB/s,0
0.0,0.0,0,0,0 kB/s,0
0.0,0.0,0,0,0 kB/s,0
0.0,0.0,0,0,0 kB/s,0
0.0,0.0,0,0,0 kB/s,0
0.0,0.0,0,0,0 kB/s,0
0.0,0.0,0,0,0 kB/s,0
0.0,0.0,0,0,0 kB/s,0
0.0,0.0,0,0,0 kB/s,0
10.0,0.0,0,0,0 kB/s,0
10.0,0.0,0,0,0 kB/s,0
10.0,0.0,0,0,0 kB/s,0
10.0,0.0,0,0,0 kB/s,0
10.0,0.0,0,0,0 kB/s,0
10.0,0.0,0,0,0 kB/s,0
10.0,0.0,0,0,0 kB/s,0
10.0,0.0,0,0,0 kB/s,0
10.0,0.0,0,0,0 kB/s,0
10.0,0.0,0,0,0 kB/s,0
10.0,0.0,0,0,0 kB/s,0
10.0,0.0,0,0,0 kB/s,0
10.0,0.0,0,0,0 kB/s,0
10.0,0.0,0,0,0 kB/s,0
10.0,0.0,0,0,0 kB/s,0
10.0,0.0,0,0,0 kB/s,0
10.0,0.0,0,0,0 kB/s,0
10.0,0.0,0,0,0 kB/s,0
10.0,0.0,0,0,0 kB/s,0
10.0,0.0,0,0,0 kB/s,0
10.0,0.0,0,0,0 kB/s,0
10.0,0.0,0,0,0 kB/s,0
10.0,0.0,0,0,0 kB/s,0
10.0,0.0,0,0,0 kB/s,0
10.0,0.0,0,0,0 kB/s,0
10.0,0.0,0,0,0 kB/s,0
10.0,0.0,0,0,0 kB/s,0
10.0,0.0,0,0,0 kB/s,0
10.0,0.0,0,0,0 kB/s,0
10.0,0.0,0,0,0 kB/s,0
10.0,0.0,0,0,0 kB/s,0
10.0,0.0,0,0,0 kB/s,0
10.0,0.0,0,0,0 kB/s,0
10.0,0.0,0,0,0 kB/s,0
10.0,0.0,0,0,0 kB/s,0
10.0,0.0,0,0,0 kB/s,0
10.0,0.0,0,0,0 kB/s,0
10.0,0.0,0,0,0 kB/s,0
10.0,0.0,0,0,0 kB/s,0
10.0,0.0,0,0,0 kB/s,0
10.0,0.0,0,0,0 kB/s,0
10.0,0.0,0,0,0 kB/s,0
10.0,0.0,0,0,0 kB/s,0
10.0,0.0,0,0,0 kB/s,0
10.0,0.0,0,0,0 kB/s,0
10.0,0.0,0,0,0 kB/s,0
10.0,0.0,0,0,0 kB/s,0
10.0,0.0,0,0,0 kB/s,0
10.0,0.0,0,0,0 kB/s,0
10.0,0.0,0,0,0 kB/s,0
20.0,0.0,0,0,0 kB/s,0
20.0,0.0,0,0,0 kB/s,0
20.0,0.0,0,0,0 kB/s,0
20.0,0.0,0,0,0 kB/s,0
20.0,0.0,0,0,0 kB/s,0
20.0,0.0,0,0,0 kB/s,0
20.0,0.0,0,0,0 kB/s,0
20.0,0.0,0,0,0 kB/s,0
20.0,0.0,0,0,0 kB/s,0
21.0,0.0,0,0,0 kB/s,0
21.0,0.0,0,0,0 kB/s,0
21.0,0.0,0,0,0 kB/s,0
21.0,0.0,0,0,0 kB/s,0
21.0,0.0,0,0,0 kB/s,0
21.0,0.0,0,0,0 kB/s,0
21.0,0.0,0,0,0 kB/s,0
21.0,0.0,0,0,0 kB/s,0
21.0,0.0,0,0,0 kB/s,0
21.0,0.0,0,0,0 kB/s,0
21.0,0.0,0,0,0 kB/s,0
21.0,0.0,0,0,0 kB/s,0
21.0,0.0,0,0,0 kB/s,0
21.0,0.0,0,0,0 kB/s,0
21.0,0.0,0,0,0 kB/s,0
21.0,0.0,0,0,0 kB/s,0
21.0,0.0,0,0,0 kB/s,0
21.0,0.0,0,0,0 kB/s,0
21.0,0.0,0,0,0 kB/s,0
21.0,0.0,0,0,0 kB/s,0
21.0,0.0,0,0,0 kB/s,0
21.0,0.0,0,0,0 kB/s,0
21.0,0.0,0,0,0 kB/s,0
21.0,0.0,0,0,0 kB/s,0
21.0,0.0,0,0,0 kB/s,0
21.0,0.0,0,0,0 kB/s,0
21.0,0.0,0,0,0 kB/s,0
21.0,0.0,0,0,0 kB/s,0
21.0,0.0,0,0,0 kB/s,0
21.0,0.0,0,0,0 kB/s,0
21.0,0.0,0,0,0 kB/s,0
21.0,0.0,0,0,0 kB/s,0
21.0,0.0,0,0,0 kB/s,0
21.0,0.0,0,0,0 kB/s,0
21.0,0.0,0,0,0 kB/s,0
21.0,0.0,0,0,0 kB/s,0
21.0,0.0,0,0,0 kB/s,0
21.0,0.0,0,0,0 kB/s,0
21.0,0.0,0,0,0 kB/s,0
21.0,0.0,0,0,0 kB/s,0
21.0,0.0,0,0,0 kB/s,0
30.0,0.0,0,0,0 kB/s,0
30.0,0.0,0,0,0 kB/s,0
30.0,0.0,0,0,0 kB/s,0
30.0,0.0,0,0,0 kB/s,0
30.0,0.0,0,0,0 kB/s,0
30.0,0.0,0,0,0 kB/s,0
30.0,0.0,0,0,0 kB/s,0
30.0,0.0,0,0,0 kB/s,0
30.0,0.0,0,0,0 kB/s,0
30.0,0.0,0,0,0 kB/s,0
30.0,0.0,0,0,0 kB/s,0
30.0,0.0,0,0,0 kB/s,0
30.0,0.0,0,0,0 kB/s,0
30.0,0.0,0,0,0 kB/s,0
30.0,0.0,0,0,0 kB/s,0
30.0,0.0,0,0,0 kB/s,0
30.0,0.0,0,0,0 kB/s,0
30.0,0.0,0,0,0 kB/s,0
30.0,0.0,0,0,0 kB/s,0
30.0,0.0,0,0,0 kB/s,0
30.0,0.0,0,0,0 kB/s,0
30.0,0.0,0,0,0 kB/s,0
31.0,0.0,0,0,0 kB/s,0
31.0,0.0,0,0,0 kB/s,0
31.0,0.0,0,0,0 kB/s,0
31.0,0.0,0,0,0 kB/s,0
31.0,0.0,0,0,0 kB/s,0
31.0,0.0,0,0,0 kB/s,0
31.0,0.0,0,0,0 kB/s,0
31.0,0.0,0,0,0 kB/s,0
31.0,0.0,0,0,0 kB/s,0
31.0,0.0,0,0,0 kB/s,0
31.0,0.0,0,0,0 kB/s,0
31.0,0.0,0,0,0 kB/s,0
31.0,0.0,0,0,0 kB/s,0
31.0,0.0,0,0,0 kB/s,0
31.0,0.0,0,0,0 kB/s,0
31.0,0.0,0,0,0 kB/s,0
31.0,0.0,0,0,0 kB/s,0
31.0,0.0,0,1,0 kB/s,0
31.0,0.0,0,1,0 kB/s,0
31.0,0.0,0,1,0 kB/s,0
31.0,0.0,0,1,0 kB/s,0
31.0,0.0,0,1,0 kB/s,0
31.0,0.0,0,2,0 kB/s,0
31.0,0.0,0,2,0 kB/s,0
31.0,0.0,0,2,0 kB/s,0
31.0,0.0,0,2,0 kB/s,0
31.0,0.0,0,2,0 kB/s,0
31.0,0.0,0,2,0 kB/s,0
41.0,0.0,0,2,0 kB/s,0
41.0,0.0,0,2,0 kB/s,0
41.0,0.0,0,2,0 kB/s,0
41.0,0.0,0,2,0 kB/s,0
41.0,0.0,0,2,0 kB/s,0
41.0,0.0,0,3,0 kB/s,0
41.0,0.0,0,3,0 kB/s,0
41.0,0.0,0,3,0 kB/s,0
41.0,0.0,1,3,0 kB/s,0
41.0,0.0,1,3,0 kB/s,0
41.0,0.0,1,3,0 kB/s,0
41.0,0.0,1,3,0 kB/s,0
41.0,0.0,1,4,0 kB/s,0
41.0,0.0,1,4,1 kB/s,0
41.0,0.0,1,4,9 kB/s,0
41.0,0.0,1,4,32 kB/s,0
41.0,0.0,1,4,32 kB/s,0
41.0,0.0,1,4,32 kB/s,0
41.0,0.0,1,4,50 kB/s,0
41.0,0.0,1,4,137 kB/s,0
41.0,0.0,1,4,195 kB/s,0
41.0,0.0,1,4,195 kB/s,0
41.0,0.0,1,4,195 kB/s,0
41.0,0.0,1,4,269 kB/s,0
41.0,0.0,1,4,520 kB/s,0
41.0,0.0,1,4,627 kB/s,0
41.0,0.0,1,4,831 kB/s,0
41.0,0.0,1,4,964 kB/s,0
41.0,0.0,1,4,1.07 MB/s,0
41.0,0.0,1,4,1.10 MB/s,0
41.0,0.1,1,4,1.25 MB/s,0
41.0,0.1,1,4,1.41 MB/s,0
41.0,0.1,1,4,1.57 MB/s,0
41.0,0.1,1,4,1.50 MB/s,0
41.0,0.1,1,4,1.46 MB/s,0
41.0,0.1,1,4,1.43 MB/s,0
41.0,0.1,1,4,1.61 MB/s,0
41.0,0.1,1,4,1.63 MB/s,0
41.0,0.2,1,4,1.68 MB/s,0
41.0,0.2,1,4,1.73 MB/s,0
41.0,0.2,1,4,1.72 MB/s,0
41.0,0.2,1,4,1.77 MB/s,0
41.0,0.2,1,4,1.76 MB/s,0
41.0,0.2,1,4,1.79 MB/s,0
41.0,0.2,1,4,1.84 MB/s,0
41.0,0.3,1,4,2.07 MB/s,0
41.0,0.3,1,4,2.12 MB/s,0
41.0,0.3,1,4,2.20 MB/s,0
41.0,0.3,2,4,2.24 MB/s,0
41.0,0.3,2,4,2.34 MB/s,0
41.0,0.4,2,4,2.34 MB/s,0
51.0,0.4,2,4,2.39 MB/s,0
51.0,0.4,2,4,2.40 MB/s,0
51.0,0.4,2,4,2.48 MB/s,0
51.0,0.4,2,4,2.49 MB/s,0
51.0,0.4,2,4,2.42 MB/s,0
51.0,0.5,2,4,2.43 MB/s,0
51.0,0.5,2,4,2.34 MB/s,0
51.0,0.5,3,4,2.18 MB/s,0
51.0,0.5,3,4,2.13 MB/s,0
51.0,0.5,3,4,2.08 MB/s,0
51.0,0.5,3,4,1.97 MB/s,0
51.0,0.5,3,4,1.85 MB/s,0
51.0,0.6,3,4,1.71 MB/s,0
51.0,0.6,4,4,1.77 MB/s,0
51.0,0.6,4,4,1.74 MB/s,0
51.0,0.6,4,4,2.06 MB/s,0
51.0,0.6,4,4,2.15 MB/s,0
51.0,0.7,4,5,2.26 MB/s,0
51.0,0.7,4,6,2.46 MB/s,0
51.0,0.7,4,6,2.47 MB/s,0
51.0,0.7,4,6,2.61 MB/s,0
51.0,0.7,4,6,2.60 MB/s,0
51.0,0.7,4,6,2.57 MB/s,0
51.0,0.8,4,8,2.57 MB/s,0
51.0,0.8,4,8,2.52 MB/s,0
51.0,0.8,4,8,2.84 MB/s,0
51.0,0.9,4,8,2.97 MB/s,0
51.0,0.9,4,8,3.20 MB/s,0
51.0,0.9,4,9,3.12 MB/s,0
51.0,0.9,4,9,3.00 MB/s,0
51.0,1.0,4,9,3.26 MB/s,0
51.0,1.0,4,9,3.43 MB/s,0
51.0,1.0,4,9,3.56 MB/s,0
51.0,1.1,4,10,3.76 MB/s,0
51.0,1.1,4,11,3.76 MB/s,0
51.0,1.1,4,11,3.64 MB/s,0
51.0,1.2,4,12,3.52 MB/s,0
51.0,1.2,4,14,3.76 MB/s,0
51.0,1.2,4,14,4.26 MB/s,0
51.0,1.3,4,14,4.35 MB/s,0
51.0,1.3,4,14,4.46 MB/s,0
51.0,1.3,4,14,4.61 MB/s,0
51.0,1.4,4,14,4.68 MB/s,0
51.0,1.4,4,14,4.74 MB/s,0
51.0,1.4,4,14,4.72 MB/s,0
51.0,1.5,4,14,4.68 MB/s,0
51.0,1.5,4,15,4.50 MB/s,0
51.0,1.5,7,15,4.38 MB/s,0
51.0,1.5,7,15,4.35 MB/s,0
51.0,1.6,7,16,4.36 MB/s,0
61.0,1.6,8,16,4.20 MB/s,0
61.0,1.6,9,17,4.13 MB/s,0
61.0,1.7,9,19,4.03 MB/s,0
61.0,1.7,10,19,4.04 MB/s,0
61.0,1.7,10,19,4.06 MB/s,0
61.0,1.8,10,20,4.12 MB/s,0
61.0,1.8,10,21,4.23 MB/s,0
61.0,1.8,10,21,4.34 MB/s,0
61.0,1.9,10,21,4.38 MB/s,0
61.0,1.9,10,21,4.15 MB/s,0
61.0,1.9,10,22,4.22 MB/s,0
61.0,1.9,10,22,4.02 MB/s,0
61.0,2.0,11,22,3.92 MB/s,0
61.0,2.0,11,22,4.25 MB/s,0
61.0,2.1,11,24,4.40 MB/s,0
61.0,2.1,11,24,4.44 MB/s,0
61.0,2.1,11,24,4.50 MB/s,0
61.0,2.2,11,24,4.59 MB/s,0
61.0,2.3,11,24,5.31 MB/s,0
61.0,2.3,11,24,5.57 MB/s,0
61.0,2.4,11,24,6.12 MB/s,0
61.0,2.4,11,24,6.51 MB/s,0
61.0,2.4,11,24,6.08 MB/s,0
61.0,2.5,11,24,5.66 MB/s,0
61.0,2.5,11,25,5.60 MB/s,0
61.0,2.5,11,25,5.52 MB/s,0
61.0,2.6,11,27,5.53 MB/s,0
61.0,2.6,11,28,5.40 MB/s,0
61.0,2.7,11,29,5.22 MB/s,0
61.0,2.7,11,30,5.05 MB/s,0
61.0,2.8,11,30,4.87 MB/s,0
61.0,2.8,11,30,5.25 MB/s,0
61.0,2.9,10,30,5.60 MB/s,0
61.0,2.9,10,31,6.19 MB/s,0
61.0,3.0,10,32,6.39 MB/s,0
61.0,3.0,10,33,6.39 MB/s,0
61.0,3.1,10,34,6.29 MB/s,0
61.0,3.1,10,34,6.23 MB/s,0
61.0,3.1,10,34,6.12 MB/s,0
61.0,3.2,10,34,5.63 MB/s,0
61.0,3.2,10,34,5.16 MB/s,0
61.0,3.2,10,38,4.77 MB/s,0
61.0,3.2,10,39,4.24 MB/s,0
61.0,3.3,10,41,3.99 MB/s,0
61.0,3.3,10,42,4.31 MB/s,0
61.0,3.3,10,42,4.12 MB/s,0
61.0,3.3,10,46,3.84 MB/s,0
61.0,3.4,22,46,3.60 MB/s,0
61.0,3.4,21,46,3.66 MB/s,0
61.0,3.5,21,47,4.04 MB/s,0
61.0,3.5,24,48,4.21 MB/s,0
71.0,3.5,26,52,4.31 MB/s,0
71.0,3.6,30,50,4.58 MB/s,0
71.0,3.6,31,51,4.89 MB/s,0
71.0,3.7,31,50,5.22 MB/s,0
71.0,3.7,31,52,5.61 MB/s,0
71.0,3.8,30,52,6.09 MB/s,0
71.0,3.9,31,51,6.57 MB/s,0
71.0,3.9,32,52,6.86 MB/s,0
71.0,4.0,31,50,7.16 MB/s,0
71.0,4.1,31,50,7.36 MB/s,0
71.0,4.1,31,50,7.84 MB/s,0
71.0,4.2,32,50,8.26 MB/s,0
71.0,4.3,32,50,8.51 MB/s,0
71.0,4.3,32,50,8.72 MB/s,0
71.0,4.4,32,50,8.87 MB/s,0
71.0,4.5,32,50,8.74 MB/s,0
71.0,4.5,32,50,9.08 MB/s,0
71.0,4.6,32,50,8.63 MB/s,0
71.0,4.7,32,50,9.11 MB/s,0
71.0,4.8,32,50,9.52 MB/s,0
71.0,4.8,33,50,8.82 MB/s,0
71.0,4.9,33,50,9.32 MB/s,0
71.0,5.0,33,50,9.75 MB/s,0
71.0,5.1,33,50,9.51 MB/s,0
71.0,5.1,33,50,9.08 MB/s,0
71.0,5.1,33,50,8.48 MB/s,0
71.0,5.2,33,50,9.13 MB/s,0
71.0,5.3,33,50,9.04 MB/s,0
71.0,5.3,33,50,8.05 MB/s,0
71.0,5.5,33,50,9.24 MB/s,0
71.0,5.5,33,50,8.89 MB/s,0
71.0,5.6,34,50,8.75 MB/s,0
71.0,5.7,34,50,8.96 MB/s,0
71.0,5.8,34,50,9.14 MB/s,0
71.0,5.8,34,50,9.13 MB/s,0
71.0,5.9,34,50,8.67 MB/s,0
71.0,5.9,34,50,8.31 MB/s,0
71.0,5.9,34,50,8.52 MB/s,0
71.0,6.0,34,50,7.56 MB/s,0
71.0,6.1,34,50,7.37 MB/s,0
71.0,6.2,34,50,8.81 MB/s,0
71.0,6.3,34,50,8.76 MB/s,0
71.0,6.3,34,50,8.12 MB/s,0
71.0,6.4,34,50,8.58 MB/s,0
71.0,6.5,34,50,9.17 MB/s,0
71.0,6.5,34,50,9.46 MB/s,0
71.0,6.6,41,50,9.83 MB/s,0
71.0,6.6,41,50,9.62 MB/s,0
71.0,6.7,43,50,8.99 MB/s,0
71.0,6.7,44,50,8.89 MB/s,0
71.0,6.7,44,50,7.51 MB/s,0
81.0,6.8,46,50,6.80 MB/s,0
81.0,6.8,46,50,6.56 MB/s,0
81.0,6.9,46,50,6.52 MB/s,0
81.0,6.9,46,50,6.15 MB/s,0
81.0,7.0,46,50,5.78 MB/s,0
81.0,7.0,47,50,5.64 MB/s,0
81.0,7.1,48,50,6.41 MB/s,0
81.0,7.2,48,50,6.85 MB/s,0
81.0,7.2,48,50,7.19 MB/s,0
81.0,7.3,48,50,7.96 MB/s,0
81.0,7.4,48,50,8.13 MB/s,0
81.0,7.4,48,50,8.51 MB/s,0
81.0,7.4,48,50,7.63 MB/s,0
81.0,7.5,48,50,7.29 MB/s,0
81.0,7.5,48,50,7.32 MB/s,0
81.0,7.6,48,50,7.51 MB/s,0
81.0,7.6,48,50,6.65 MB/s,0
81.0,7.7,48,50,7.05 MB/s,0
81.0,7.8,48,50,7.07 MB/s,0
81.0,7.9,48,50,7.26 MB/s,0
81.0,7.9,48,50,7.54 MB/s,0
81.0,7.9,48,50,7.22 MB/s,0
81.0,8.0,48,50,7.16 MB/s,0
81.0,8.0,48,50,6.78 MB/s,0
81.0,8.0,48,50,6.57 MB/s,0
81.0,8.1,48,50,6.49 MB/s,0
81.0,8.1,48,50,5.83 MB/s,0
81.0,8.2,48,50,5.34 MB/s,0
81.0,8.2,48,50,4.92 MB/s,0
81.0,8.2,48,50,4.53 MB/s,0
81.0,8.3,49,50,5.19 MB/s,0
81.0,8.4,49,50,5.90 MB/s,0
81.0,8.5,49,50,6.37 MB/s,0
81.0,8.5,49,50,6.62 MB/s,0
81.0,8.5,48,50,6.77 MB/s,0
81.0,8.6,48,50,7.16 MB/s,0
81.0,8.7,48,50,7.26 MB/s,0
81.0,8.7,48,50,7.52 MB/s,0
81.0,8.8,48,50,7.87 MB/s,0
81.0,8.9,48,50,7.93 MB/s,0
82.0,8.9,48,50,7.96 MB/s,0
82.0,9.0,48,50,7.79 MB/s,0
82.0,9.0,48,50,7.31 MB/s,0
82.0,9.2,48,50,8.64 MB/s,0
82.0,9.2,50,50,8.64 MB/s,0
82.0,9.3,50,50,8.59 MB/s,0
82.0,9.4,50,50,8.90 MB/s,0
82.0,9.4,50,50,8.98 MB/s,0
82.0,9.5,50,50,8.36 MB/s,0
82.0,9.5,48,50,8.18 MB/s,0
91.0,9.6,47,50,8.28 MB/s,0
91.0,9.7,47,50,8.62 MB/s,0
91.0,9.7,48,50,6.92 MB/s,0
91.0,9.8,48,50,7.71 MB/s,0
91.0,9.8,48,50,7.57 MB/s,0
91.0,9.9,48,50,7.18 MB/s,0
91.0,9.9,48,50,7.28 MB/s,0
91.0,10.0,48,50,7.24 MB/s,0
92.0,10.0,48,50,7.02 MB/s,0
92.0,10.1,48,50,6.78 MB/s,0
92.0,10.1,48,50,6.66 MB/s,0
92.0,10.2,48,50,7.07 MB/s,0
92.0,10.2,48,50,6.77 MB/s,0
92.0,10.3,48,50,6.84 MB/s,0
92.0,10.3,48,50,6.64 MB/s,0
92.0,10.4,49,50,6.29 MB/s,0
92.0,10.4,49,50,6.88 MB/s,0
92.0,10.5,49,50,6.64 MB/s,0
92.0,10.5,48,50,6.61 MB/s,0
92.0,10.6,48,50,6.61 MB/s,0
92.0,10.6,48,50,6.53 MB/s,0
92.0,10.7,48,50,6.92 MB/s,0
92.0,10.7,48,50,6.47 MB/s,0
92.0,10.8,48,50,6.70 MB/s,0
92.0,10.9,48,50,6.93 MB/s,0
92.0,10.9,47,50,7.20 MB/s,0
92.0,11.0,48,50,7.41 MB/s,0
92.0,11.0,48,50,7.49 MB/s,0
92.0,11.1,48,50,7.72 MB/s,0
92.0,11.1,48,50,8.00 MB/s,0
92.0,11.2,48,50,8.25 MB/s,0
92.0,11.3,48,50,8.10 MB/s,0
92.0,11.3,48,50,8.19 MB/s,0
92.0,11.4,48,50,8.04 MB/s,0
92.0,11.5,48,50,8.08 MB/s,0
92.0,11.5,48,50,8.27 MB/s,0
92.0,11.6,48,50,8.55 MB/s,0
92.0,11.7,47,50,8.67 MB/s,0
92.0,11.8,47,50,8.78 MB/s,0
92.0,11.8,47,50,8.87 MB/s,0
92.0,11.9,47,50,8.98 MB/s,0
92.0,12.0,47,50,9.18 MB/s,0
92.0,12.1,47,50,9.35 MB/s,0
92.0,12.1,47,50,9.62 MB/s,0
92.0,12.2,47,50,9.65 MB/s,0
92.0,12.2,47,50,9.25 MB/s,0
92.0,12.3,47,50,9.23 MB/s,0
92.0,12.4,47,50,9.16 MB/s,0
92.0,12.5,47,50,9.19 MB/s,0
92.0,12.5,46,50,9.10 MB/s,0
92.0,12.6,46,50,9.06 MB/s,0
101.0,12.7,47,50,8.96 MB/s,0
101.0,12.8,47,50,8.79 MB/s,0
101.0,12.8,47,50,8.85 MB/s,0
101.0,12.9,47,50,9.27 MB/s,0
101.0,13.0,47,50,9.31 MB/s,0
101.0,13.1,47,50,9.46 MB/s,0
101.0,13.1,47,50,9.40 MB/s,0
101.0,13.2,47,50,9.15 MB/s,0
101.0,13.2,47,50,8.28 MB/s,0
101.0,13.2,47,50,7.44 MB/s,0
101.0,13.3,47,50,8.00 MB/s,0
101.0,13.4,47,50,7.73 MB/s,0
102.0,13.4,47,50,7.12 MB/s,0
102.0,13.4,48,50,6.54 MB/s,0
102.0,13.5,48,50,6.04 MB/s,0
102.0,13.5,48,50,5.71 MB/s,0
102.0,13.6,48,50,5.48 MB/s,0
102.0,13.6,48,50,5.90 MB/s,0
102.0,13.6,48,50,5.80 MB/s,0
102.0,13.7,48,50,4.82 MB/s,0
102.0,13.8,48,50,5.28 MB/s,0
102.0,13.8,48,50,5.46 MB/s,0
102.0,13.8,48,50,5.21 MB/s,0
102.0,13.9,48,50,4.97 MB/s,0
102.0,13.9,48,50,4.80 MB/s,0
102.0,13.9,48,50,5.34 MB/s,0
102.0,14.0,48,50,5.23 MB/s,0
102.0,14.0,48,50,5.03 MB/s,0
102.0,14.0,48,50,5.01 MB/s,0
102.0,14.1,48,50,5.25 MB/s,0
102.0,14.1,48,50,4.43 MB/s,0
102.0,14.1,48,50,3.99 MB/s,0
102.0,14.2,48,50,4.83 MB/s,0
102.0,14.2,48,50,4.87 MB/s,0
102.0,14.2,48,50,4.74 MB/s,0
102.0,14.3,48,50,4.61 MB/s,0
102.0,14.3,48,50,4.43 MB/s,0
102.0,14.3,48,50,4.77 MB/s,0
102.0,14.4,48,50,5.27 MB/s,0
102.0,14.4,48,50,4.83 MB/s,0
102.0,14.5,48,50,5.37 MB/s,0
102.0,14.5,48,50,5.73 MB/s,0
102.0,14.6,48,50,5.65 MB/s,0
102.0,14.7,48,50,6.07 MB/s,0
102.0,14.7,47,50,6.67 MB/s,0
102.0,14.8,46,50,7.63 MB/s,0
102.0,14.9,47,50,8.18 MB/s,0
102.0,15.0,47,50,8.86 MB/s,0
102.0,15.1,47,50,9.44 MB/s,0
102.0,15.2,47,50,9.96 MB/s,0
112.0,15.2,47,50,10.15 MB/s,0
112.0,15.3,47,50,10.08 MB/s,0
112.0,15.4,47,50,10.21 MB/s,0
112.0,15.5,47,50,10.93 MB/s,0
112.0,15.5,47,50,10.62 MB/s,0
112.0,15.6,47,50,10.87 MB/s,0
112.0,15.7,47,50,10.88 MB/s,0
112.0,15.8,47,50,10.75 MB/s,0
112.0,15.9,47,50,10.86 MB/s,0
112.0,16.0,47,50,10.76 MB/s,0
112.0,16.0,47,50,10.62 MB/s,0
112.0,16.1,47,50,11.34 MB/s,0
112.0,16.2,47,50,10.64 MB/s,0
112.0,16.2,47,50,10.18 MB/s,0
112.0,16.3,47,50,9.48 MB/s,0
112.0,16.5,47,50,10.74 MB/s,0
112.0,16.5,47,50,10.85 MB/s,0
112.0,16.6,47,50,10.16 MB/s,0
112.0,16.7,47,50,10.19 MB/s,0
112.0,16.8,47,50,10.38 MB/s,0
112.0,16.8,47,50,10.36 MB/s,0
112.0,16.9,47,50,10.30 MB/s,0
112.0,17.0,47,50,10.52 MB/s,0
112.0,17.1,47,50,10.86 MB/s,0
112.0,17.1,47,50,9.46 MB/s,0
112.0,17.2,47,50,9.19 MB/s,0
112.0,17.3,47,50,9.26 MB/s,0
112.0,17.3,47,50,9.51 MB/s,0
112.0,17.4,47,50,9.46 MB/s,0
112.0,17.5,47,50,9.67 MB/s,0
112.0,17.6,47,50,9.66 MB/s,0
112.0,17.7,47,50,9.64 MB/s,0
112.0,17.8,47,50,9.97 MB/s,0
112.0,17.8,47,50,9.85 MB/s,0
112.0,17.9,47,50,10.28 MB/s,0
112.0,18.0,47,50,10.54 MB/s,0
112.0,18.1,47,50,10.38 MB/s,0
112.0,18.1,47,50,10.89 MB/s,0
112.0,18.2,47,50,11.16 MB/s,0
112.0,18.3,47,50,11.05 MB/s,0
112.0,18.4,47,50,10.90 MB/s,0
112.0,18.5,47,50,10.80 MB/s,0
112.0,18.6,47,50,10.64 MB/s,0
112.0,18.6,47,50,10.60 MB/s,0
112.0,18.6,47,50,9.39 MB/s,0
112.0,18.7,47,50,8.79 MB/s,0
112.0,18.7,47,50,8.56 MB/s,0
112.0,18.7,47,50,7.77 MB/s,0
112.0,18.7,47,50,6.56 MB/s,0
112.0,18.7,47,50,5.78 MB/s,0
112.0,18.9,47,50,6.08 MB/s,0
122.0,18.9,47,50,4.96 MB/s,0
122.0,18.9,47,50,4.17 MB/s,0
122.0,18.9,47,50,3.86 MB/s,0
122.0,18.9,47,50,3.40 MB/s,0
122.0,19.0,47,50,3.48 MB/s,0
122.0,19.0,47,50,3.13 MB/s,0
122.0,19.1,47,50,4.79 MB/s,0
122.0,19.1,47,50,5.10 MB/s,0
122.0,19.1,47,50,3.88 MB/s,0
122.0,19.2,47,50,4.29 MB/s,0
122.0,19.2,47,50,4.79 MB/s,0
122.0,19.2,47,50,5.12 MB/s,0
122.0,19.3,47,50,5.75 MB/s,0
122.0,19.3,47,50,6.16 MB/s,0
122.0,19.4,47,50,5.79 MB/s,0
122.0,19.4,47,50,6.47 MB/s,0
122.0,19.5,47,50,5.15 MB/s,0
122.0,19.5,47,50,5.43 MB/s,0
122.0,19.6,47,50,5.56 MB/s,0
122.0,19.6,47,50,5.39 MB/s,0
122.0,19.6,47,50,5.60 MB/s,0
122.0,19.7,47,50,5.67 MB/s,0
122.0,19.7,46,49,5.95 MB/s,0
122.0,19.8,46,49,5.86 MB/s,0
122.0,19.8,46,49,5.95 MB/s,0
122.0,19.9,46,49,6.13 MB/s,0
122.0,19.9,46,49,6.33 MB/s,0
122.0,20.0,46,49,6.37 MB/s,0
122.0,20.0,46,49,6.55 MB/s,0
122.0,20.1,46,49,6.78 MB/s,0
122.0,20.1,46,49,6.62 MB/s,0
122.0,20.2,45,50,6.29 MB/s,0
122.0,20.3,45,50,6.83 MB/s,0
122.0,20.3,45,50,6.74 MB/s,0
122.0,20.3,45,50,6.05 MB/s,0
122.0,20.4,45,50,6.03 MB/s,0
122.0,20.4,45,50,5.66 MB/s,0
122.0,20.5,45,50,5.97 MB/s,0
122.0,20.5,45,50,6.01 MB/s,0
122.0,20.6,45,50,6.17 MB/s,0
122.0,20.6,45,50,6.30 MB/s,0
122.0,20.7,45,50,6.07 MB/s,0
122.0,20.7,45,50,6.22 MB/s,0
122.0,20.8,45,50,6.84 MB/s,0
122.0,20.8,46,50,7.43 MB/s,0
122.0,20.9,46,50,7.27 MB/s,0
122.0,20.9,47,50,7.73 MB/s,0
122.0,21.0,47,50,7.37 MB/s,0
122.0,21.0,47,50,6.91 MB/s,0
122.0,21.1,47,50,6.85 MB/s,0
132.0,21.1,47,50,7.05 MB/s,0
132.0,21.2,47,50,6.71 MB/s,0
132.0,21.2,48,50,5.97 MB/s,0
132.0,21.3,48,50,6.23 MB/s,0
132.0,21.3,48,50,6.27 MB/s,0
132.0,21.3,48,50,6.18 MB/s,0
132.0,21.4,48,50,5.84 MB/s,0
132.0,21.4,48,50,5.48 MB/s,0
132.0,21.4,48,50,5.79 MB/s,0
132.0,21.5,48,50,5.87 MB/s,0
132.0,21.6,48,50,5.86 MB/s,0
132.0,21.6,48,50,6.07 MB/s,0
132.0,21.7,48,50,6.59 MB/s,0
132.0,21.7,48,50,6.09 MB/s,0
132.0,21.7,48,50,5.74 MB/s,0
132.0,21.8,48,50,6.04 MB/s,0
132.0,21.8,48,50,6.20 MB/s,0
132.0,21.9,48,50,6.33 MB/s,0
132.0,21.9,48,50,5.93 MB/s,0
132.0,21.9,48,50,5.24 MB/s,0
132.0,21.9,48,50,4.83 MB/s,0
132.0,22.0,48,50,5.34 MB/s,0
132.0,22.0,48,50,5.17 MB/s,0
132.0,22.1,48,50,5.07 MB/s,0
132.0,22.1,48,50,4.59 MB/s,0
132.0,22.1,48,50,4.67 MB/s,0
132.0,22.2,48,50,4.35 MB/s,0
132.0,22.2,48,50,4.33 MB/s,0
132.0,22.2,48,50,4.81 MB/s,0
132.0,22.3,48,50,5.10 MB/s,0
132.0,22.3,48,50,4.54 MB/s,0
132.0,22.4,48,50,4.40 MB/s,0
132.0,22.4,48,50,4.52 MB/s,0
132.0,22.4,48,50,4.84 MB/s,0
132.0,22.5,48,50,4.77 MB/s,0
132.0,22.5,48,50,4.91 MB/s,0
132.0,22.6,48,50,4.88 MB/s,0
132.0,22.6,48,50,4.81 MB/s,0
132.0,22.6,48,50,4.63 MB/s,0
132.0,22.7,48,50,4.66 MB/s,0
132.0,22.7,48,50,4.77 MB/s,0
132.0,22.7,48,50,4.53 MB/s,0
132.0,22.8,48,50,4.55 MB/s,0
132.0,22.8,48,50,4.61 MB/s,0
132.0,22.9,48,50,4.58 MB/s,0
132.0,22.9,48,50,4.83 MB/s,0
132.0,22.9,48,50,4.88 MB/s,0
132.0,23.0,48,50,5.03 MB/s,0
132.0,23.0,48,50,4.69 MB/s,0
132.0,23.0,48,50,5.11 MB/s,0
132.0,23.1,48,50,5.06 MB/s,0
142.0,23.1,48,50,5.09 MB/s,0
142.0,23.1,48,50,4.86 MB/s,0
142.0,23.2,48,50,4.76 MB/s,0
142.0,23.2,48,50,4.59 MB/s,0
142.0,23.2,48,50,4.31 MB/s,0
142.0,23.2,48,50,4.03 MB/s,0
142.0,23.3,47,49,3.91 MB/s,0
142.0,23.3,47,49,3.96 MB/s,0
142.0,23.3,47,49,3.87 MB/s,0
142.0,23.3,47,49,3.74 MB/s,0
142.0,23.4,47,49,3.56 MB/s,0
142.0,23.4,47,49,3.39 MB/s,0
142.0,23.4,47,50,3.32 MB/s,0
142.0,23.5,47,50,3.52 MB/s,0
142.0,23.5,47,50,3.89 MB/s,0
142.0,23.5,47,51,4.16 MB/s,0
142.0,23.6,46,50,4.41 MB/s,0
142.0,23.6,46,50,4.49 MB/s,0
142.0,23.7,46,53,4.68 MB/s,0
142.0,23.7,46,51,5.01 MB/s,0
142.0,23.7,46,54,5.37 MB/s,0
142.0,23.8,46,50,5.65 MB/s,0
142.0,23.8,46,50,5.25 MB/s,0
142.0,23.9,46,50,5.39 MB/s,0
142.0,23.9,46,50,5.51 MB/s,0
142.0,24.0,46,50,5.60 MB/s,0
142.0,24.0,46,50,5.60 MB/s,0
142.0,24.0,46,50,5.62 MB/s,0
142.0,24.1,46,50,5.56 MB/s,0
142.0,24.1,46,50,5.61 MB/s,0
142.0,24.2,46,50,5.64 MB/s,0
142.0,24.2,46,50,5.67 MB/s,0
142.0,24.3,46,50,5.73 MB/s,0
142.0,24.3,46,50,5.18 MB/s,0
142.0,24.3,46,50,5.63 MB/s,0
142.0,24.4,46,50,5.91 MB/s,0
142.0,24.5,46,50,6.13 MB/s,0
142.0,24.5,46,50,6.23 MB/s,0
142.0,24.6,46,50,6.86 MB/s,0
142.0,24.7,46,50,7.25 MB/s,0
142.0,24.7,46,50,7.69 MB/s,0
142.0,24.8,46,50,8.18 MB/s,0
142.0,24.9,46,50,9.18 MB/s,0
142.0,25.0,46,50,9.19 MB/s,0
142.0,25.0,46,50,8.63 MB/s,0
142.0,25.1,46,50,8.75 MB/s,0
142.0,25.2,46,50,9.04 MB/s,0
142.0,25.2,46,50,8.94 MB/s,0
142.0,25.3,46,50,8.78 MB/s,0
142.0,25.4,46,49,8.68 MB/s,0
142.0,25.4,45,49,8.52 MB/s,0
152.0,25.5,46,49,8.28 MB/s,0
152.0,25.6,46,49,8.00 MB/s,0
152.0,25.6,46,49,7.65 MB/s,0
152.0,25.6,46,49,6.81 MB/s,0
152.0,25.7,46,49,7.39 MB/s,0
152.0,25.7,46,49,6.94 MB/s,0
152.0,25.8,46,50,6.75 MB/s,0
152.0,25.8,46,50,6.42 MB/s,0
152.0,25.9,46,52,5.86 MB/s,0
152.0,25.9,46,52,5.20 MB/s,0
152.0,25.9,46,50,5.24 MB/s,0
152.0,25.9,46,50,5.38 MB/s,0
152.0,26.0,46,50,5.56 MB/s,0
152.0,26.0,46,50,5.31 MB/s,0
152.0,26.0,46,50,4.84 MB/s,0
152.0,26.1,47,50,4.99 MB/s,0
152.0,26.2,47,50,5.19 MB/s,0
152.0,26.2,47,51,5.51 MB/s,0
152.0,26.3,47,49,5.98 MB/s,0
152.0,26.4,47,49,6.56 MB/s,0
152.0,26.4,47,49,7.46 MB/s,0
152.0,26.5,47,49,7.71 MB/s,0
152.0,26.6,47,49,8.62 MB/s,0
152.0,26.6,47,49,8.85 MB/s,0
152.0,26.7,47,49,8.84 MB/s,0
152.0,26.8,47,49,9.06 MB/s,0
152.0,26.9,47,49,9.36 MB/s,0
152.0,27.0,47,51,9.61 MB/s,0
152.0,27.0,47,51,9.08 MB/s,0
152.0,27.1,47,53,9.23 MB/s,0
152.0,27.2,47,51,9.93 MB/s,0
152.0,27.3,47,52,9.96 MB/s,0
152.0,27.4,47,52,10.18 MB/s,0
152.0,27.4,47,51,10.50 MB/s,0
152.0,27.5,47,51,10.45 MB/s,0
152.0,27.6,47,50,10.31 MB/s,0
152.0,27.7,47,50,10.17 MB/s,0
152.0,27.7,47,50,10.40 MB/s,0
152.0,27.8,47,50,10.17 MB/s,0
152.0,27.9,46,50,10.50 MB/s,0
152.0,28.0,46,50,10.52 MB/s,0
152.0,28.1,46,50,10.57 MB/s,0
152.0,28.2,46,50,10.65 MB/s,0
152.0,28.2,47,50,10.75 MB/s,0
152.0,28.3,47,50,10.20 MB/s,0
152.0,28.3,47,50,9.88 MB/s,0
153.0,28.4,47,50,10.05 MB/s,0
153.0,28.5,47,50,10.20 MB/s,0
153.0,28.6,47,50,10.34 MB/s,0
153.0,28.7,47,50,10.15 MB/s,0
162.0,28.8,47,50,9.93 MB/s,0
162.0,28.9,47,50,9.89 MB/s,0
162.0,29.0,47,50,10.12 MB/s,0
163.0,29.0,47,50,10.08 MB/s,0
163.0,29.1,48,50,11.11 MB/s,0
163.0,29.2,48,50,11.43 MB/s,0
163.0,29.2,48,50,10.87 MB/s,0
163.0,29.3,48,50,11.34 MB/s,0
163.0,29.4,48,50,11.13 MB/s,0
163.0,29.5,48,50,10.87 MB/s,0
163.0,29.5,48,50,10.27 MB/s,0
163.0,29.7,48,50,11.02 MB/s,0
163.0,29.8,48,50,11.05 MB/s,0
163.0,29.8,48,50,11.43 MB/s,0
163.0,29.9,48,50,11.36 MB/s,0
163.0,30.0,48,50,11.29 MB/s,0
163.0,30.1,48,50,11.46 MB/s,0
163.0,30.1,48,51,10.60 MB/s,0
163.0,30.2,48,50,9.89 MB/s,0
163.0,30.3,48,50,10.43 MB/s,0
163.0,30.3,48,50,9.99 MB/s,0
163.0,30.3,48,50,8.89 MB/s,0
163.0,30.4,48,50,9.15 MB/s,0
163.0,30.5,48,50,8.42 MB/s,0
163.0,30.5,48,50,7.46 MB/s,0
163.0,30.6,48,50,7.99 MB/s,0
163.0,30.6,48,50,7.94 MB/s,0
163.0,30.7,48,50,7.72 MB/s,0
163.0,30.7,48,50,7.70 MB/s,0
163.0,30.8,48,50,6.55 MB/s,0
163.0,30.8,48,50,6.42 MB/s,0
163.0,30.8,48,50,5.56 MB/s,0
163.0,30.9,48,50,6.76 MB/s,0
163.0,31.0,48,50,7.16 MB/s,0
163.0,31.0,48,50,6.92 MB/s,0
163.0,31.0,48,50,5.97 MB/s,0
163.0,31.1,48,50,5.52 MB/s,0
163.0,31.1,48,50,5.17 MB/s,0
163.0,31.1,48,50,4.88 MB/s,0
163.0,31.1,46,50,4.87 MB/s,0
163.0,31.1,46,50,4.79 MB/s,0
163.0,31.2,46,50,4.05 MB/s,0
163.0,31.3,46,50,4.53 MB/s,0
163.0,31.3,47,50,4.31 MB/s,0
163.0,31.3,47,50,4.21 MB/s,0
163.0,31.4,47,50,4.73 MB/s,0
163.0,31.4,47,50,5.11 MB/s,0
163.0,31.5,47,50,5.59 MB/s,0
163.0,31.6,47,50,7.16 MB/s,0
163.0,31.7,47,50,8.27 MB/s,0
163.0,31.8,47,50,8.51 MB/s,0
172.0,31.8,47,50,7.79 MB/s,0
172.0,31.9,47,50,8.58 MB/s,0
172.0,32.0,47,50,9.15 MB/s,0
173.0,32.1,47,50,9.35 MB/s,0
173.0,32.2,47,50,9.93 MB/s,0
173.0,32.2,46,50,10.53 MB/s,0
173.0,32.3,46,50,9.77 MB/s,0
173.0,32.4,46,50,9.34 MB/s,0
173.0,32.5,46,50,9.79 MB/s,0
173.0,32.6,46,50,9.91 MB/s,0
173.0,32.6,46,50,9.75 MB/s,0
173.0,32.7,46,50,10.05 MB/s,0
173.0,32.8,46,50,10.05 MB/s,0
173.0,32.8,46,50,9.61 MB/s,0
173.0,32.9,46,50,9.60 MB/s,0
173.0,33.0,46,50,9.76 MB/s,0
173.0,33.1,46,50,9.84 MB/s,0
173.0,33.2,46,50,9.73 MB/s,0
173.0,33.3,46,50,9.80 MB/s,0
173.0,33.3,46,50,9.67 MB/s,0
173.0,33.4,46,50,9.76 MB/s,0
173.0,33.5,46,50,9.87 MB/s,0
173.0,33.5,46,50,9.39 MB/s,0
173.0,33.6,46,50,8.51 MB/s,0
173.0,33.6,46,50,8.05 MB/s,0
173.0,33.6,46,50,7.85 MB/s,0
173.0,33.7,46,50,7.16 MB/s,0
173.0,33.7,46,50,6.39 MB/s,0
173.0,33.8,46,50,6.05 MB/s,0
173.0,33.8,45,49,5.31 MB/s,0
173.0,33.9,45,49,5.12 MB/s,0
173.0,33.9,45,49,5.22 MB/s,0
173.0,33.9,45,49,5.19 MB/s,0
173.0,34.0,45,49,5.73 MB/s,0
173.0,34.0,45,49,5.52 MB/s,0
173.0,34.1,45,49,5.62 MB/s,0
173.0,34.1,45,49,5.36 MB/s,0
173.0,34.1,45,49,5.62 MB/s,0
173.0,34.2,44,49,5.61 MB/s,0
173.0,34.2,44,49,5.56 MB/s,0
173.0,34.3,44,50,5.60 MB/s,0
173.0,34.3,44,50,5.76 MB/s,0
173.0,34.4,44,50,6.28 MB/s,0
173.0,34.5,44,50,6.70 MB/s,0
173.0,34.5,44,50,6.89 MB/s,0
173.0,34.6,44,50,7.35 MB/s,0
173.0,34.7,44,50,7.86 MB/s,0
173.0,34.8,43,50,8.32 MB/s,0
173.0,34.8,43,50,8.89 MB/s,0
173.0,34.9,43,50,9.18 MB/s,0
183.0,35.0,43,50,9.76 MB/s,0
183.0,35.1,43,50,9.96 MB/s,0
183.0,35.1,44,50,10.08 MB/s,0
183.0,35.2,44,50,10.41 MB/s,0
183.0,35.3,44,50,10.42 MB/s,0
183.0,35.4,44,50,10.41 MB/s,0
183.0,35.4,44,50,10.27 MB/s,0
183.0,35.5,45,50,9.77 MB/s,0
183.0,35.5,45,50,9.04 MB/s,0
183.0,35.6,45,50,9.07 MB/s,0
183.0,35.6,45,51,8.31 MB/s,0
183.0,35.7,45,50,8.42 MB/s,0
183.0,35.7,45,50,7.16 MB/s,0
183.0,35.8,45,50,7.40 MB/s,0
183.0,35.8,45,50,7.07 MB/s,0
183.0,35.9,45,50,6.58 MB/s,0
183.0,35.9,45,50,5.93 MB/s,0
183.0,35.9,45,50,6.21 MB/s,0
183.0,36.0,45,50,6.16 MB/s,0
183.0,36.0,45,50,5.68 MB/s,0
183.0,36.1,45,50,6.52 MB/s,0
183.0,36.2,45,50,6.68 MB/s,0
183.0,36.2,45,50,6.37 MB/s,0
183.0,36.3,45,50,6.35 MB/s,0
183.0,36.3,45,50,6.07 MB/s,0
183.0,36.3,45,50,6.20 MB/s,0
183.0,36.4,45,50,5.96 MB/s,0
183.0,36.4,45,50,5.67 MB/s,0
183.0,36.4,45,50,6.09 MB/s,0
183.0,36.5,45,50,5.61 MB/s,0
183.0,36.5,45,50,4.90 MB/s,0
183.0,36.5,45,50,4.33 MB/s,0
183.0,36.6,45,50,4.76 MB/s,0
183.0,36.6,45,50,4.75 MB/s,0
183.0,36.7,45,50,4.93 MB/s,0
183.0,36.7,45,50,5.41 MB/s,0
183.0,36.8,45,50,5.66 MB/s,0
183.0,36.9,44,50,6.41 MB/s,0
183.0,36.9,44,50,6.65 MB/s,0
183.0,37.0,44,50,7.36 MB/s,0
183.0,37.1,44,50,8.49 MB/s,0
183.0,37.2,45,50,8.49 MB/s,0
183.0,37.3,45,50,9.01 MB/s,0
183.0,37.3,45,50,9.29 MB/s,0
183.0,37.4,45,50,9.65 MB/s,0
183.0,37.5,45,50,9.96 MB/s,0
183.0,37.6,45,50,9.90 MB/s,0
183.0,37.6,45,50,9.65 MB/s,0
183.0,37.7,45,50,10.38 MB/s,0
183.0,37.8,45,50,10.11 MB/s,0
183.0,37.9,45,50,9.75 MB/s,0
193.0,37.9,45,50,9.45 MB/s,0
193.0,38.0,45,50,9.46 MB/s,0
193.0,38.1,45,50,9.66 MB/s,0
193.0,38.2,45,50,9.53 MB/s,0
193.0,38.2,45,50,8.95 MB/s,0
193.0,38.3,45,50,10.15 MB/s,0
193.0,38.4,45,50,9.69 MB/s,0
193.0,38.5,45,50,9.59 MB/s,0
193.0,38.6,45,50,10.03 MB/s,0
193.0,38.6,45,50,9.94 MB/s,0
193.0,38.7,45,50,9.79 MB/s,0
193.0,38.8,45,50,9.81 MB/s,0
193.0,38.9,45,50,10.10 MB/s,0
193.0,38.9,45,50,10.44 MB/s,0
193.0,39.0,45,50,9.34 MB/s,0
193.0,39.1,45,49,9.83 MB/s,0
193.0,39.2,45,49,9.86 MB/s,0
193.0,39.3,45,49,9.85 MB/s,0
193.0,39.4,46,49,10.26 MB/s,0
193.0,39.4,46,49,10.17 MB/s,0
193.0,39.5,46,49,9.77 MB/s,0
193.0,39.6,46,49,10.90 MB/s,0
193.0,39.7,46,49,10.63 MB/s,0
193.0,39.7,45,48,11.02 MB/s,0
193.0,39.8,45,49,11.42 MB/s,0
193.0,39.9,45,49,10.91 MB/s,0
193.0,40.0,45,50,10.86 MB/s,0
193.0,40.0,45,50,9.94 MB/s,0
193.0,40.2,45,51,10.50 MB/s,0
193.0,40.2,45,51,10.53 MB/s,0
193.0,40.3,45,50,10.47 MB/s,0
193.0,40.4,45,52,10.54 MB/s,0
193.0,40.4,45,52,10.34 MB/s,0
193.0,40.5,45,54,10.44 MB/s,0
193.0,40.6,45,54,9.98 MB/s,0
193.0,40.6,45,51,9.39 MB/s,0
193.0,40.7,43,51,9.79 MB/s,0
193.0,40.8,43,51,10.14 MB/s,0
193.0,40.9,43,50,9.66 MB/s,0
193.0,40.9,43,50,9.52 MB/s,0
193.0,41.0,43,50,9.37 MB/s,0
193.0,41.1,43,50,9.46 MB/s,0
193.0,41.1,43,50,9.29 MB/s,0
193.0,41.2,43,50,9.14 MB/s,0
193.0,41.3,43,50,9.78 MB/s,0
193.0,41.3,43,50,9.60 MB/s,0
193.0,41.4,43,50,9.57 MB/s,0
193.0,41.5,43,50,10.09 MB/s,0
193.0,41.6,43,50,9.34 MB/s,0
193.0,41.7,43,50,9.73 MB/s,0
203.0,41.7,43,50,9.57 MB/s,0
203.0,41.8,43,50,9.45 MB/s,0
203.0,41.9,43,50,9.80 MB/s,0
203.0,42.0,43,50,9.64 MB/s,0
203.0,42.0,43,50,9.68 MB/s,0
203.0,42.1,43,50,9.45 MB/s,0
203.0,42.2,43,50,9.47 MB/s,0
203.0,42.3,43,50,10.01 MB/s,0
203.0,42.3,43,50,9.44 MB/s,0
203.0,42.4,43,50,9.48 MB/s,0
203.0,42.5,43,50,10.01 MB/s,0
203.0,42.6,43,50,9.95 MB/s,0
203.0,42.7,43,50,9.73 MB/s,0
203.0,42.7,43,50,10.06 MB/s,0
203.0,42.8,43,50,10.12 MB/s,0
203.0,42.9,43,50,9.71 MB/s,0
203.0,43.0,43,50,9.58 MB/s,0
203.0,43.0,43,50,9.55 MB/s,0
203.0,43.1,43,50,9.91 MB/s,0
203.0,43.2,43,50,9.66 MB/s,0
203.0,43.3,43,50,10.81 MB/s,0
203.0,43.4,44,50,10.85 MB/s,0
203.0,43.4,44,50,10.40 MB/s,0
203.0,43.5,44,50,10.58 MB/s,0
203.0,43.6,44,50,10.42 MB/s,0
203.0,43.6,44,50,10.53 MB/s,0
203.0,43.7,44,50,10.49 MB/s,0
203.0,43.8,44,50,10.41 MB/s,0
203.0,43.8,44,50,9.98 MB/s,0
203.0,43.9,44,50,9.93 MB/s,0
203.0,44.0,44,50,9.58 MB/s,0
203.0,44.1,44,50,9.40 MB/s,0
203.0,44.1,44,50,9.29 MB/s,0
203.0,44.2,44,50,9.39 MB/s,0
203.0,44.3,44,50,9.23 MB/s,0
203.0,44.3,44,50,8.95 MB/s,0
203.0,44.4,39,50,9.00 MB/s,0
203.0,44.4,39,50,9.46 MB/s,0
203.0,44.5,39,50,8.96 MB/s,0
203.0,44.6,41,50,9.13 MB/s,0
203.0,44.7,41,50,9.07 MB/s,0
203.0,44.8,42,50,9.25 MB/s,0
203.0,44.8,42,50,9.91 MB/s,0
203.0,44.9,42,50,9.65 MB/s,0
203.0,45.0,42,50,9.93 MB/s,0
203.0,45.1,43,50,10.03 MB/s,0
203.0,45.1,43,50,9.97 MB/s,0
203.0,45.2,43,50,10.10 MB/s,0
203.0,45.3,43,50,10.11 MB/s,0
203.0,45.4,43,50,10.65 MB/s,0
203.0,45.5,43,50,10.84 MB/s,0
213.0,45.6,44,50,10.44 MB/s,0
213.0,45.7,44,50,10.32 MB/s,0
213.0,45.8,44,50,10.22 MB/s,0
213.0,45.8,44,50,9.44 MB/s,0
213.0,45.9,44,50,10.52 MB/s,0
213.0,46.0,44,50,11.16 MB/s,0
213.0,46.1,44,49,10.56 MB/s,0
213.0,46.2,44,49,10.51 MB/s,0
213.0,46.3,44,49,10.10 MB/s,0
213.0,46.3,44,49,10.01 MB/s,0
213.0,46.4,44,49,9.97 MB/s,0
213.0,46.5,44,49,10.07 MB/s,0
213.0,46.5,44,50,10.38 MB/s,0
213.0,46.6,44,52,11.09 MB/s,0
213.0,46.7,44,52,10.18 MB/s,0
213.0,46.8,44,53,10.06 MB/s,0
213.0,46.8,44,50,9.42 MB/s,0
213.0,46.9,44,50,8.58 MB/s,0
213.0,46.9,44,50,8.73 MB/s,0
213.0,47.0,44,52,8.64 MB/s,0
213.0,47.0,44,52,8.04 MB/s,0
213.0,47.0,44,51,6.87 MB/s,0
213.0,47.1,44,51,7.23 MB/s,0
213.0,47.1,44,50,5.29 MB/s,0
213.0,47.1,44,50,4.15 MB/s,0
213.0,47.2,44,50,5.78 MB/s,0
213.0,47.3,44,51,5.99 MB/s,0
213.0,47.4,44,51,6.28 MB/s,0
213.0,47.4,44,50,6.55 MB/s,0
213.0,47.5,44,50,6.88 MB/s,0
213.0,47.5,44,50,7.32 MB/s,0
213.0,47.6,44,50,7.03 MB/s,0
213.0,47.6,44,50,7.01 MB/s,0
213.0,47.6,44,50,7.77 MB/s,0
213.0,47.7,42,51,6.12 MB/s,0
214.0,47.7,42,51,6.13 MB/s,0
214.0,47.8,42,50,7.08 MB/s,0
214.0,47.9,42,50,6.96 MB/s,0
214.0,47.9,42,50,6.62 MB/s,0
214.0,48.0,43,50,6.98 MB/s,0
214.0,48.1,43,50,7.62 MB/s,0
214.0,48.1,43,50,8.01 MB/s,0
214.0,48.2,43,50,8.49 MB/s,0
214.0,48.2,43,50,8.25 MB/s,0
214.0,48.3,43,50,8.85 MB/s,0
214.0,48.4,43,50,9.26 MB/s,0
214.0,48.5,43,50,9.36 MB/s,0
214.0,48.6,43,50,9.75 MB/s,0
214.0,48.7,43,50,10.28 MB/s,0
214.0,48.7,43,50,9.32 MB/s,0
223.0,48.7,43,50,8.29 MB/s,0
223.0,48.7,43,50,8.04 MB/s,0
223.0,48.9,43,50,9.23 MB/s,0
223.0,48.9,43,50,9.02 MB/s,0
223.0,49.0,43,50,8.74 MB/s,0
223.0,49.0,43,50,8.40 MB/s,0
223.0,49.1,43,50,8.29 MB/s,0
223.0,49.1,43,50,7.51 MB/s,0
223.0,49.2,43,50,7.41 MB/s,0
223.0,49.3,43,50,8.25 MB/s,0
223.0,49.4,43,50,8.96 MB/s,0
223.0,49.4,43,50,8.17 MB/s,0
223.0,49.4,43,50,7.95 MB/s,0
223.0,49.6,43,50,8.66 MB/s,0
223.0,49.7,43,50,8.85 MB/s,0
223.0,49.7,43,50,9.06 MB/s,0
223.0,49.8,43,50,9.54 MB/s,0
224.0,49.9,43,50,9.70 MB/s,0
224.0,49.9,43,50,9.26 MB/s,0
224.0,50.0,43,50,8.91 MB/s,0
224.0,50.0,43,50,8.54 MB/s,0
224.0,50.1,43,50,9.22 MB/s,0
224.0,50.1,43,50,8.35 MB/s,0
224.0,50.2,42,49,8.28 MB/s,0
224.0,50.3,42,49,7.99 MB/s,0
224.0,50.4,42,49,7.91 MB/s,0
224.0,50.4,42,49,8.11 MB/s,0
224.0,50.5,42,49,8.14 MB/s,0
224.0,50.6,42,49,8.32 MB/s,0
224.0,50.6,42,50,9.14 MB/s,0
224.0,50.7,42,53,8.99 MB/s,0
224.0,50.8,42,51,8.90 MB/s,0
224.0,50.9,42,53,9.27 MB/s,0
224.0,51.0,42,53,9.57 MB/s,0
224.0,51.0,40,54,9.25 MB/s,0
224.0,51.1,40,55,8.78 MB/s,0
224.0,51.2,41,50,9.57 MB/s,0
224.0,51.2,41,50,9.57 MB/s,0
224.0,51.3,41,50,9.14 MB/s,0
224.0,51.4,41,50,9.21 MB/s,0
224.0,51.4,42,50,9.34 MB/s,0
224.0,51.5,42,50,8.58 MB/s,0
224.0,51.6,42,50,8.39 MB/s,0
224.0,51.6,42,50,9.33 MB/s,0
224.0,51.7,42,50,9.74 MB/s,0
224.0,51.8,42,50,9.54 MB/s,0
224.0,51.8,42,50,9.38 MB/s,0
224.0,51.9,42,50,9.19 MB/s,0
224.0,52.0,42,50,9.89 MB/s,0
224.0,52.1,42,50,9.85 MB/s,0
234.0,52.2,42,50,10.16 MB/s,0
234.0,52.2,42,50,10.21 MB/s,0
234.0,52.3,42,50,10.04 MB/s,0
234.0,52.4,42,50,10.11 MB/s,0
234.0,52.5,42,50,10.14 MB/s,0
234.0,52.5,42,50,10.54 MB/s,0
234.0,52.6,42,50,10.08 MB/s,0
234.0,52.7,42,50,10.46 MB/s,0
234.0,52.8,42,50,10.22 MB/s,0
234.0,52.8,42,50,9.59 MB/s,0
234.0,52.9,42,50,9.90 MB/s,0
234.0,53.0,42,50,10.40 MB/s,0
234.0,53.1,42,50,10.65 MB/s,0
234.0,53.2,42,50,10.42 MB/s,0
234.0,53.2,42,50,10.21 MB/s,0
234.0,53.3,42,50,10.19 MB/s,0
234.0,53.4,42,50,10.70 MB/s,0
234.0,53.4,42,50,9.79 MB/s,0
234.0,53.5,42,50,9.39 MB/s,0
234.0,53.5,42,50,9.33 MB/s,0
234.0,53.5,42,50,8.11 MB/s,0
234.0,53.6,42,50,7.38 MB/s,0
234.0,53.6,42,50,6.66 MB/s,0
234.0,53.6,42,50,6.20 MB/s,0
234.0,53.7,42,50,5.82 MB/s,0
234.0,53.7,42,50,5.45 MB/s,0
234.0,53.8,42,50,5.18 MB/s,0
234.0,53.8,42,50,5.33 MB/s,0
234.0,53.9,42,50,5.64 MB/s,0
234.0,53.9,42,50,5.31 MB/s,0
234.0,54.0,42,50,5.53 MB/s,0
234.0,54.0,42,50,5.73 MB/s,0
234.0,54.1,41,50,6.45 MB/s,0
234.0,54.1,41,50,6.42 MB/s,0
234.0,54.2,40,50,6.67 MB/s,0
234.0,54.2,40,49,6.58 MB/s,0
234.0,54.3,40,49,6.37 MB/s,0
234.0,54.3,40,49,6.25 MB/s,0
234.0,54.4,40,49,6.73 MB/s,0
234.0,54.4,40,49,7.11 MB/s,0
234.0,54.5,40,49,7.26 MB/s,0
234.0,54.5,40,49,7.24 MB/s,0
234.0,54.6,40,49,7.07 MB/s,0
234.0,54.7,40,49,6.99 MB/s,0
234.0,54.7,41,50,7.07 MB/s,0
234.0,54.8,41,50,7.73 MB/s,0
234.0,54.9,41,50,7.94 MB/s,0
234.0,54.9,41,50,7.82 MB/s,0
234.0,55.0,41,50,7.68 MB/s,0
234.0,55.0,40,50,7.72 MB/s,0
234.0,55.1,40,50,7.52 MB/s,0
244.0,55.2,40,51,7.75 MB/s,0
244.0,55.2,40,51,7.42 MB/s,0
244.0,55.2,40,50,7.38 MB/s,0
244.0,55.3,40,50,7.25 MB/s,0
244.0,55.4,40,50,7.12 MB/s,0
244.0,55.4,40,50,7.15 MB/s,0
244.0,55.5,40,50,7.11 MB/s,0
244.0,55.5,40,50,6.84 MB/s,0
244.0,55.6,40,50,6.91 MB/s,0
244.0,55.6,40,50,6.63 MB/s,0
244.0,55.7,40,50,6.79 MB/s,0
244.0,55.7,40,50,7.04 MB/s,0
244.0,55.8,40,50,7.12 MB/s,0
244.0,55.9,40,50,7.38 MB/s,0
244.0,55.9,41,50,7.42 MB/s,0
244.0,56.0,41,50,7.27 MB/s,0
244.0,56.1,41,50,7.38 MB/s,0
244.0,56.1,41,50,7.67 MB/s,0
244.0,56.2,41,50,8.16 MB/s,0
244.0,56.3,41,50,8.34 MB/s,0
244.0,56.3,41,50,8.26 MB/s,0
244.0,56.4,41,50,8.04 MB/s,0
244.0,56.5,41,50,7.98 MB/s,0
244.0,56.5,41,50,8.65 MB/s,0
244.0,56.6,41,50,8.48 MB/s,0
244.0,56.6,41,50,8.29 MB/s,0
244.0,56.7,41,50,8.12 MB/s,0
244.0,56.7,41,50,8.29 MB/s,0
244.0,56.8,41,50,8.27 MB/s,0
244.0,56.9,41,50,8.14 MB/s,0
244.0,56.9,41,50,8.29 MB/s,0
244.0,57.0,41,50,8.63 MB/s,0
244.0,57.1,39,50,8.30 MB/s,0
244.0,57.2,39,50,8.80 MB/s,0
244.0,57.2,39,50,8.94 MB/s,0
244.0,57.3,39,50,9.15 MB/s,0
244.0,57.4,39,50,9.38 MB/s,0
244.0,57.5,39,50,9.30 MB/s,0
244.0,57.5,39,50,9.06 MB/s,0
244.0,57.5,39,50,8.64 MB/s,0
244.0,57.6,39,50,8.40 MB/s,0
244.0,57.7,39,50,8.23 MB/s,0
244.0,57.7,39,50,8.03 MB/s,0
244.0,57.8,39,50,8.02 MB/s,0
244.0,57.8,40,50,7.88 MB/s,0
244.0,57.9,40,50,7.79 MB/s,0
244.0,58.0,40,50,7.81 MB/s,0
244.0,58.1,40,50,8.11 MB/s,0
244.0,58.2,40,50,8.51 MB/s,0
244.0,58.2,40,50,8.43 MB/s,0
254.0,58.3,40,50,8.69 MB/s,0
254.0,58.3,40,50,8.59 MB/s,0
254.0,58.4,39,49,8.43 MB/s,0
254.0,58.4,39,49,8.44 MB/s,0
254.0,58.4,39,49,7.49 MB/s,0
254.0,58.5,39,49,7.75 MB/s,0
254.0,58.6,39,49,7.50 MB/s,0
254.0,58.7,39,49,7.53 MB/s,0
254.0,58.7,39,49,7.67 MB/s,0
254.0,58.8,39,48,7.87 MB/s,0
254.0,58.9,39,48,7.84 MB/s,0
254.0,58.9,39,48,7.68 MB/s,0
254.0,59.0,39,48,7.93 MB/s,0
254.0,59.1,39,48,9.08 MB/s,0
254.0,59.2,39,48,8.55 MB/s,0
254.0,59.2,39,48,8.81 MB/s,0
254.0,59.3,39,48,8.39 MB/s,0
254.0,59.3,38,49,8.33 MB/s,0
254.0,59.4,38,49,8.41 MB/s,0
254.0,59.5,38,50,8.47 MB/s,0
254.0,59.5,38,50,8.52 MB/s,0
254.0,59.6,38,51,7.95 MB/s,0
254.0,59.7,37,50,7.71 MB/s,0
254.0,59.7,37,52,8.07 MB/s,0
254.0,59.8,37,50,8.28 MB/s,0
254.0,59.9,37,50,8.77 MB/s,0
254.0,60.0,37,51,9.00 MB/s,0
254.0,60.1,37,50,8.94 MB/s,0
254.0,60.1,37,50,9.98 MB/s,0
254.0,60.2,37,50,10.12 MB/s,0
254.0,60.3,37,50,10.65 MB/s,0
254.0,60.4,37,50,11.28 MB/s,0
254.0,60.4,34,50,10.49 MB/s,0
254.0,60.5,34,50,11.01 MB/s,0
254.0,60.6,34,50,11.03 MB/s,0
254.0,60.7,34,50,10.82 MB/s,0
254.0,60.8,37,50,10.67 MB/s,0
254.0,60.9,37,50,10.68 MB/s,0
254.0,60.9,37,50,10.81 MB/s,0
254.0,61.0,37,50,10.87 MB/s,0
254.0,61.1,37,50,10.85 MB/s,0
254.0,61.2,37,50,10.82 MB/s,0
254.0,61.3,37,50,11.88 MB/s,0
254.0,61.4,38,50,10.88 MB/s,0
254.0,61.5,38,50,11.04 MB/s,0
254.0,61.5,38,50,10.75 MB/s,0
254.0,61.6,38,50,11.12 MB/s,0
255.0,61.7,39,49,10.98 MB/s,0
255.0,61.7,39,49,10.58 MB/s,0
255.0,61.8,40,49,9.96 MB/s,0
255.0,61.9,40,49,10.35 MB/s,0
264.0,62.0,40,49,10.28 MB/s,0
264.0,62.0,40,49,9.77 MB/s,0
264.0,62.1,40,49,10.08 MB/s,0
264.0,62.2,40,49,10.33 MB/s,0
264.0,62.3,40,50,9.86 MB/s,0
264.0,62.4,40,50,9.70 MB/s,0
264.0,62.4,40,50,9.66 MB/s,0
264.0,62.5,40,50,9.94 MB/s,0
264.0,62.6,40,50,9.52 MB/s,0
264.0,62.6,40,50,8.80 MB/s,0
264.0,62.6,40,50,8.20 MB/s,0
264.0,62.7,40,50,8.00 MB/s,0
264.0,62.8,40,50,7.85 MB/s,0
264.0,62.8,40,50,7.48 MB/s,0
264.0,62.9,40,50,7.63 MB/s,0
264.0,62.9,40,50,7.34 MB/s,0
264.0,63.0,40,50,7.16 MB/s,0
264.0,63.1,40,50,7.36 MB/s,0
264.0,63.2,40,50,8.08 MB/s,0
264.0,63.2,40,50,8.53 MB/s,0
264.0,63.3,40,50,8.24 MB/s,0
264.0,63.3,40,50,8.05 MB/s,0
264.0,63.4,40,50,8.25 MB/s,0
264.0,63.5,40,50,7.94 MB/s,0
264.0,63.5,40,50,7.34 MB/s,0
264.0,63.6,40,50,7.94 MB/s,0
264.0,63.6,40,50,7.71 MB/s,0
264.0,63.7,40,50,7.75 MB/s,0
264.0,63.8,40,50,7.93 MB/s,0
264.0,63.8,40,50,8.35 MB/s,0
264.0,63.9,40,50,8.05 MB/s,0
264.0,64.0,38,50,8.41 MB/s,0
264.0,64.0,38,50,8.70 MB/s,0
264.0,64.1,38,50,9.18 MB/s,0
264.0,64.2,38,50,10.00 MB/s,0
264.0,64.3,40,50,9.33 MB/s,0
264.0,64.3,41,50,9.38 MB/s,0
264.0,64.4,41,50,9.48 MB/s,0
264.0,64.5,41,50,9.67 MB/s,0
264.0,64.6,41,50,10.43 MB/s,0
264.0,64.6,41,50,10.39 MB/s,0
264.0,64.7,41,50,10.12 MB/s,0
264.0,64.8,41,50,9.93 MB/s,0
264.0,64.8,42,50,9.44 MB/s,0
264.0,64.9,42,50,9.55 MB/s,0
264.0,64.9,42,50,9.29 MB/s,0
264.0,65.0,42,50,8.76 MB/s,0
264.0,65.1,42,50,8.80 MB/s,0
264.0,65.2,42,50,8.61 MB/s,0
264.0,65.2,42,50,8.74 MB/s,0
274.0,65.3,41,50,8.35 MB/s,0
274.0,65.3,41,50,8.12 MB/s,0
274.0,65.4,41,50,8.04 MB/s,0
274.0,65.5,41,50,8.54 MB/s,0
274.0,65.5,41,50,8.40 MB/s,0
274.0,65.6,41,50,9.02 MB/s,0
274.0,65.7,41,50,8.85 MB/s,0
274.0,65.8,41,50,8.95 MB/s,0
274.0,65.9,41,50,9.20 MB/s,0
274.0,65.9,41,50,8.90 MB/s,0
274.0,65.9,42,50,8.84 MB/s,0
274.0,66.0,42,50,9.00 MB/s,0
274.0,66.1,42,50,9.25 MB/s,0
274.0,66.2,42,50,9.40 MB/s,0
274.0,66.3,42,50,9.04 MB/s,0
274.0,66.3,41,49,9.33 MB/s,0
274.0,66.4,41,49,9.24 MB/s,0
274.0,66.5,41,49,8.56 MB/s,0
274.0,66.6,41,49,9.69 MB/s,0
274.0,66.7,41,49,10.92 MB/s,0
274.0,66.7,41,49,10.80 MB/s,0
274.0,66.8,41,49,11.28 MB/s,0
274.0,66.9,41,50,11.21 MB/s,0
274.0,67.0,41,50,11.31 MB/s,0
274.0,67.1,41,52,11.38 MB/s,0
274.0,67.2,41,50,11.15 MB/s,0
274.0,67.2,41,50,10.76 MB/s,0
274.0,67.2,41,50,10.04 MB/s,0
274.0,67.2,41,50,8.40 MB/s,0
274.0,67.2,41,50,7.42 MB/s,0
274.0,67.3,41,50,7.86 MB/s,0
274.0,67.4,42,50,6.78 MB/s,0
274.0,67.4,42,51,5.78 MB/s,0
274.0,67.4,42,50,5.09 MB/s,0
274.0,67.5,42,50,5.59 MB/s,0
274.0,67.5,42,50,5.16 MB/s,0
275.0,67.6,42,50,4.97 MB/s,0
275.0,67.7,43,50,6.68 MB/s,0
275.0,67.8,43,50,7.56 MB/s,0
275.0,67.9,43,50,7.39 MB/s,0
275.0,67.9,43,50,8.04 MB/s,0
275.0,68.0,43,50,8.94 MB/s,0
275.0,68.1,43,50,9.50 MB/s,0
275.0,68.1,43,50,9.64 MB/s,0
275.0,68.2,43,50,9.72 MB/s,0
275.0,68.3,43,50,10.23 MB/s,0
275.0,68.4,43,50,10.77 MB/s,0
275.0,68.5,43,50,9.97 MB/s,0
275.0,68.5,43,50,9.80 MB/s,0
275.0,68.6,43,50,9.58 MB/s,0
275.0,68.7,43,50,9.56 MB/s,0
284.0,68.8,43,50,10.00 MB/s,0
284.0,68.8,43,50,9.43 MB/s,0
284.0,68.9,43,50,10.00 MB/s,0
284.0,69.0,43,50,10.62 MB/s,0
284.0,69.1,43,50,9.98 MB/s,0
284.0,69.1,43,50,9.74 MB/s,0
284.0,69.2,44,50,9.63 MB/s,0
284.0,69.2,44,50,9.35 MB/s,0
284.0,69.3,44,50,8.50 MB/s,0
285.0,69.3,44,50,7.75 MB/s,0
285.0,69.4,44,50,8.11 MB/s,0
285.0,69.4,44,50,8.09 MB/s,0
285.0,69.5,44,50,7.31 MB/s,0
285.0,69.6,44,50,7.19 MB/s,0
285.0,69.6,44,50,7.14 MB/s,0
285.0,69.7,44,50,7.24 MB/s,0
285.0,69.7,44,50,6.96 MB/s,0
285.0,69.8,44,50,7.96 MB/s,0
285.0,69.9,44,50,8.74 MB/s,0
285.0,70.0,44,50,8.74 MB/s,0
285.0,70.1,44,50,9.19 MB/s,0
285.0,70.1,44,50,8.96 MB/s,0
285.0,70.2,44,50,9.40 MB/s,0
285.0,70.3,44,50,8.88 MB/s,0
285.0,70.3,44,50,8.77 MB/s,0
285.0,70.4,44,50,9.16 MB/s,0
285.0,70.4,44,50,8.49 MB/s,0
285.0,70.5,44,50,8.24 MB/s,0
285.0,70.5,44,50,7.45 MB/s,0
285.0,70.6,47,50,7.24 MB/s,0
285.0,70.6,47,50,7.18 MB/s,0
285.0,70.7,47,50,7.67 MB/s,0
285.0,70.8,47,50,7.56 MB/s,0
285.0,70.9,48,50,7.54 MB/s,0
285.0,70.9,48,50,8.07 MB/s,0
285.0,71.0,49,50,8.41 MB/s,0
285.0,71.1,49,50,8.89 MB/s,0
285.0,71.1,49,50,8.93 MB/s,0
285.0,71.2,49,50,9.31 MB/s,0
285.0,71.3,49,50,9.83 MB/s,0
285.0,71.4,49,50,9.95 MB/s,0
285.0,71.4,49,50,9.58 MB/s,0
285.0,71.5,49,50,9.43 MB/s,0
285.0,71.6,49,50,9.52 MB/s,0
285.0,71.6,49,50,10.06 MB/s,0
285.0,71.7,49,50,9.57 MB/s,0
285.0,71.8,49,50,9.18 MB/s,0
285.0,71.9,49,50,9.79 MB/s,0
285.0,72.0,49,50,10.05 MB/s,0
285.0,72.0,49,50,9.90 MB/s,0
285.0,72.1,49,50,9.84 MB/s,0
294.0,72.2,49,50,10.03 MB/s,0
294.0,72.3,49,50,10.32 MB/s,0
294.0,72.4,49,50,10.94 MB/s,0
294.0,72.4,49,50,10.25 MB/s,0
294.0,72.5,49,50,10.80 MB/s,0
294.0,72.6,49,50,11.51 MB/s,0
294.0,72.7,49,50,11.04 MB/s,0
294.0,72.8,49,50,11.07 MB/s,0
294.0,72.9,49,50,11.01 MB/s,0
295.0,72.9,49,50,11.02 MB/s,0
295.0,73.0,49,50,10.55 MB/s,0
295.0,73.0,49,50,10.09 MB/s,0
295.0,73.2,49,50,10.74 MB/s,0
295.0,73.2,49,50,10.69 MB/s,0
295.0,73.3,49,50,10.54 MB/s,0
295.0,73.4,49,50,10.15 MB/s,0
295.0,73.4,49,50,9.08 MB/s,0
295.0,73.5,49,50,9.45 MB/s,0
295.0,73.6,49,50,9.02 MB/s,0
295.0,73.6,49,50,8.96 MB/s,0
295.0,73.7,49,50,9.22 MB/s,0
295.0,73.7,49,50,8.28 MB/s,0
295.0,73.8,49,50,7.38 MB/s,0
295.0,73.8,49,50,6.81 MB/s,0
295.0,73.8,49,50,6.38 MB/s,0
295.0,73.9,49,50,7.48 MB/s,0
295.0,74.0,49,50,6.96 MB/s,0
295.0,74.0,49,50,6.76 MB/s,0
295.0,74.1,49,50,6.34 MB/s,0
295.0,74.2,49,50,6.68 MB/s,0
295.0,74.2,49,50,7.54 MB/s,0
295.0,74.3,49,50,7.61 MB/s,0
295.0,74.4,49,50,8.14 MB/s,0
295.0,74.5,49,50,8.55 MB/s,0
295.0,74.5,49,50,7.88 MB/s,0
295.0,74.6,49,50,7.73 MB/s,0
295.0,74.6,49,50,8.18 MB/s,0
295.0,74.7,49,50,8.70 MB/s,0
295.0,74.8,49,50,8.89 MB/s,0
295.0,74.8,49,50,8.39 MB/s,0
295.0,74.9,49,50,8.66 MB/s,0
295.0,75.0,49,50,8.19 MB/s,0
295.0,75.0,49,50,7.82 MB/s,0
295.0,75.1,49,50,8.86 MB/s,0
295.0,75.2,49,50,8.75 MB/s,0
295.0,75.2,49,50,8.32 MB/s,0
295.0,75.2,50,50,7.61 MB/s,0
295.0,75.3,50,50,7.25 MB/s,0
295.0,75.3,50,50,6.70 MB/s,0
295.0,75.3,50,50,5.52 MB/s,0
305.0,75.3,50,50,4.94 MB/s,0
305.0,75.4,50,50,6.12 MB/s,0
305.0,75.5,50,50,5.37 MB/s,0
305.0,75.6,50,50,5.38 MB/s,0
305.0,75.6,50,50,5.70 MB/s,0
305.0,75.6,50,50,5.85 MB/s,0
305.0,75.8,50,50,6.71 MB/s,0
305.0,75.8,50,50,7.59 MB/s,0
305.0,75.9,50,50,8.41 MB/s,0
305.0,76.0,50,50,9.22 MB/s,0
305.0,76.0,50,50,10.07 MB/s,0
305.0,76.1,50,50,9.29 MB/s,0
305.0,76.2,50,50,9.46 MB/s,0
305.0,76.3,50,50,9.97 MB/s,0
305.0,76.3,50,50,9.75 MB/s,0
305.0,76.4,50,50,10.56 MB/s,0
305.0,76.5,50,50,10.14 MB/s,0
305.0,76.6,50,50,10.13 MB/s,0
305.0,76.6,50,50,10.07 MB/s,0
305.0,76.7,50,50,9.67 MB/s,0
305.0,76.8,50,50,9.94 MB/s,0
305.0,76.8,50,50,9.63 MB/s,0
305.0,76.9,50,50,9.83 MB/s,0
305.0,77.0,50,50,9.87 MB/s,0
305.0,77.1,50,50,10.19 MB/s,0
305.0,77.1,50,50,9.56 MB/s,0
305.0,77.2,50,50,9.63 MB/s,0
305.0,77.3,50,50,9.38 MB/s,0
305.0,77.3,50,50,8.83 MB/s,0
305.0,77.4,50,50,9.51 MB/s,0
305.0,77.5,50,50,10.51 MB/s,0
305.0,77.6,50,50,9.93 MB/s,0
305.0,77.7,50,50,9.73 MB/s,0
305.0,77.7,50,50,9.47 MB/s,0
305.0,77.8,50,50,9.72 MB/s,0
305.0,77.9,50,50,9.81 MB/s,0
305.0,77.9,50,50,9.10 MB/s,0
305.0,77.9,50,50,8.81 MB/s,0
305.0,78.0,50,50,9.35 MB/s,0
305.0,78.2,50,50,9.25 MB/s,0
305.0,78.2,50,50,9.08 MB/s,0
305.0,78.3,50,50,9.01 MB/s,0
305.0,78.4,50,50,9.51 MB/s,0
305.0,78.4,50,50,9.42 MB/s,0
305.0,78.5,50,50,9.50 MB/s,0
305.0,78.6,50,50,9.82 MB/s,0
305.0,78.6,50,50,10.03 MB/s,0
305.0,78.8,50,50,11.50 MB/s,0
305.0,78.8,50,50,10.04 MB/s,0
305.0,78.9,50,50,9.78 MB/s,0
305.0,79.0,50,50,9.93 MB/s,0
315.0,79.0,50,50,9.76 MB/s,0
315.0,79.2,50,50,10.09 MB/s,0
315.0,79.2,50,50,9.78 MB/s,0
315.0,79.3,50,50,9.63 MB/s,0
315.0,79.3,50,50,9.79 MB/s,0
315.0,79.4,50,50,9.58 MB/s,0
315.0,79.5,50,50,9.08 MB/s,0
315.0,79.6,50,50,9.17 MB/s,0
315.0,79.6,50,50,9.29 MB/s,0
315.0,79.7,50,50,9.50 MB/s,0
315.0,79.8,50,50,8.95 MB/s,0
315.0,79.9,50,50,9.20 MB/s,0
315.0,79.9,50,50,9.03 MB/s,0
315.0,80.0,50,50,9.50 MB/s,0
315.0,80.1,50,50,10.65 MB/s,0
315.0,80.1,50,50,9.53 MB/s,0
315.0,80.2,50,50,10.09 MB/s,0
315.0,80.3,50,50,10.08 MB/s,0
315.0,80.4,50,50,10.01 MB/s,0
315.0,80.4,50,50,9.43 MB/s,0
315.0,80.4,50,50,8.82 MB/s,0
315.0,80.6,50,50,9.92 MB/s,0
315.0,80.7,50,50,10.00 MB/s,0
315.0,80.7,50,50,9.93 MB/s,0
315.0,80.8,50,50,9.59 MB/s,0
315.0,80.8,50,50,9.78 MB/s,0
315.0,81.0,50,50,10.01 MB/s,0
315.0,81.0,50,50,9.95 MB/s,0
315.0,81.1,50,50,10.09 MB/s,0
315.0,81.2,50,50,10.82 MB/s,0
315.0,81.3,50,50,11.26 MB/s,0
315.0,81.3,50,50,10.14 MB/s,0
315.0,81.4,50,50,10.16 MB/s,0
315.0,81.4,50,50,9.56 MB/s,0
315.0,81.5,50,50,9.60 MB/s,0
315.0,81.6,50,50,9.09 MB/s,0
315.0,81.6,50,50,9.34 MB/s,0
315.0,81.7,50,50,9.23 MB/s,0
315.0,81.8,50,50,9.14 MB/s,0
315.0,81.9,50,50,9.17 MB/s,0
315.0,82.0,50,50,9.29 MB/s,0
315.0,82.0,50,50,9.40 MB/s,0
315.0,82.1,49,50,9.51 MB/s,0
315.0,82.2,49,50,10.10 MB/s,0
315.0,82.2,49,50,9.45 MB/s,0
315.0,82.3,49,50,9.56 MB/s,0
315.0,82.4,49,50,10.23 MB/s,0
315.0,82.5,49,50,10.09 MB/s,0
315.0,82.5,49,50,10.14 MB/s,0
315.0,82.6,49,50,9.62 MB/s,0
325.0,82.7,49,50,9.40 MB/s,0
325.0,82.7,49,50,9.41 MB/s,0
325.0,82.8,49,50,9.06 MB/s,0
325.0,82.9,49,50,9.16 MB/s,0
325.0,82.9,49,50,9.75 MB/s,0
325.0,83.0,49,50,8.74 MB/s,0
325.0,83.1,49,50,9.16 MB/s,0
325.0,83.1,49,50,9.07 MB/s,0
325.0,83.2,49,50,9.17 MB/s,0
325.0,83.3,49,50,9.84 MB/s,0
325.0,83.4,49,50,9.81 MB/s,0
325.0,83.4,49,50,9.67 MB/s,0
325.0,83.5,49,50,9.59 MB/s,0
325.0,83.6,49,50,9.85 MB/s,0
325.0,83.7,49,50,10.04 MB/s,0
325.0,83.8,49,50,10.47 MB/s,0
325.0,83.8,49,50,10.10 MB/s,0
325.0,83.9,49,50,9.77 MB/s,0
325.0,84.0,49,50,9.60 MB/s,0
325.0,84.0,49,50,9.24 MB/s,0
325.0,84.0,49,50,8.64 MB/s,0
325.0,84.2,49,50,9.55 MB/s,0
325.0,84.2,49,50,9.49 MB/s,0
325.0,84.3,49,50,9.03 MB/s,0
325.0,84.4,49,50,9.08 MB/s,0
325.0,84.5,49,50,9.29 MB/s,0
325.0,84.5,49,50,9.09 MB/s,0
325.0,84.6,49,50,8.98 MB/s,0
325.0,84.7,49,50,9.24 MB/s,0
325.0,84.7,49,50,9.41 MB/s,0
325.0,84.9,49,50,9.70 MB/s,0
325.0,84.9,49,50,9.74 MB/s,0
325.0,85.0,49,50,9.84 MB/s,0
325.0,85.1,50,50,9.83 MB/s,0
325.0,85.1,50,50,9.41 MB/s,0
325.0,85.2,50,50,10.10 MB/s,0
325.0,85.3,50,50,9.81 MB/s,0
325.0,85.3,50,50,9.57 MB/s,0
325.0,85.4,50,50,9.79 MB/s,0
325.0,85.5,50,50,8.61 MB/s,0
325.0,85.5,50,50,7.92 MB/s,0
325.0,85.5,50,50,6.93 MB/s,0
325.0,85.6,50,50,6.50 MB/s,0
325.0,85.6,50,50,6.38 MB/s,0
325.0,85.7,50,50,5.92 MB/s,0
326.0,85.7,50,50,5.85 MB/s,0
326.0,85.7,50,50,5.30 MB/s,0
326.0,85.8,50,50,4.73 MB/s,0
326.0,85.9,50,50,6.12 MB/s,0
326.0,85.9,50,50,6.42 MB/s,0
326.0,86.0,50,50,6.87 MB/s,0
335.0,86.0,50,50,7.27 MB/s,0
335.0,86.1,50,50,6.90 MB/s,0
335.0,86.1,50,50,6.73 MB/s,0
335.0,86.1,50,50,6.23 MB/s,0
335.0,86.1,50,50,5.82 MB/s,0
335.0,86.2,50,50,6.71 MB/s,0
335.0,86.3,49,49,6.69 MB/s,0
335.0,86.3,49,49,5.41 MB/s,0
335.0,86.3,49,49,5.14 MB/s,0
335.0,86.4,49,49,5.62 MB/s,0
335.0,86.4,49,49,5.62 MB/s,0
335.0,86.5,49,49,5.68 MB/s,0
335.0,86.5,49,49,5.82 MB/s,0
335.0,86.6,49,49,6.23 MB/s,0
335.0,86.6,49,50,6.37 MB/s,0
335.0,86.7,49,51,5.90 MB/s,0
335.0,86.7,49,50,6.11 MB/s,0
335.0,86.7,49,50,6.49 MB/s,0
335.0,86.8,49,50,6.53 MB/s,0
335.0,86.8,49,52,5.84 MB/s,0
335.0,86.9,49,52,5.73 MB/s,0
335.0,86.9,49,50,5.71 MB/s,0
335.0,86.9,49,53,5.70 MB/s,0
335.0,87.0,49,50,5.57 MB/s,0
335.0,87.0,49,51,5.47 MB/s,0
335.0,87.1,49,52,5.44 MB/s,0
335.0,87.1,49,51,5.39 MB/s,0
335.0,87.2,49,51,5.38 MB/s,0
335.0,87.2,49,50,5.44 MB/s,0
335.0,87.3,49,50,5.82 MB/s,0
335.0,87.3,49,50,6.02 MB/s,0
335.0,87.4,49,50,6.23 MB/s,0
335.0,87.4,49,51,6.64 MB/s,0
335.0,87.5,49,50,6.53 MB/s,0
335.0,87.5,48,50,6.56 MB/s,0
335.0,87.6,48,50,6.65 MB/s,0
335.0,87.6,48,50,6.30 MB/s,0
335.0,87.6,48,50,6.12 MB/s,0
335.0,87.7,48,50,5.94 MB/s,0
335.0,87.7,48,50,6.00 MB/s,0
335.0,87.8,48,50,5.97 MB/s,0
335.0,87.8,47,49,5.54 MB/s,0
335.0,87.9,47,49,5.46 MB/s,0
335.0,87.9,47,49,5.43 MB/s,0
335.0,87.9,47,49,5.34 MB/s,0
335.0,88.0,47,49,5.55 MB/s,0
335.0,88.0,47,49,5.70 MB/s,0
336.0,88.0,47,49,5.03 MB/s,0
336.0,88.1,47,49,4.96 MB/s,0
336.0,88.1,47,49,4.75 MB/s,0
345.0,88.2,47,49,4.90 MB/s,0
345.0,88.2,47,49,5.06 MB/s,0
345.0,88.3,47,50,5.16 MB/s,0
345.0,88.3,47,50,5.20 MB/s,0
345.0,88.3,47,50,5.21 MB/s,0
345.0,88.4,47,50,5.26 MB/s,0
345.0,88.4,47,50,5.66 MB/s,0
345.0,88.5,47,51,5.51 MB/s,0
345.0,88.5,47,50,5.87 MB/s,0
345.0,88.6,47,51,6.18 MB/s,0
345.0,88.6,47,51,5.79 MB/s,0
345.0,88.7,47,50,5.71 MB/s,0
345.0,88.7,47,50,5.91 MB/s,0
345.0,88.8,47,50,5.87 MB/s,0
345.0,88.8,47,50,5.91 MB/s,0
345.0,88.9,47,50,6.04 MB/s,0
345.0,88.9,47,50,6.01 MB/s,0
345.0,89.0,47,50,6.07 MB/s,0
345.0,89.0,47,50,6.22 MB/s,0
345.0,89.1,47,50,6.41 MB/s,0
345.0,89.1,47,50,6.61 MB/s,0
345.0,89.2,47,50,6.29 MB/s,0
345.0,89.2,47,50,6.41 MB/s,0
345.0,89.3,47,50,6.16 MB/s,0
345.0,89.3,47,50,6.55 MB/s,0
345.0,89.4,48,50,7.30 MB/s,0
345.0,89.5,48,50,7.60 MB/s,0
345.0,89.5,49,50,7.77 MB/s,0
345.0,89.6,49,50,8.10 MB/s,0
345.0,89.7,49,50,8.55 MB/s,0
345.0,89.8,49,50,8.85 MB/s,0
345.0,89.9,49,50,9.50 MB/s,0
345.0,89.9,48,50,9.82 MB/s,0
345.0,90.0,47,50,9.80 MB/s,0
345.0,90.0,49,50,9.13 MB/s,0
346.0,90.0,49,50,8.74 MB/s,0
346.0,90.1,49,50,8.47 MB/s,0
346.0,90.2,50,50,8.39 MB/s,0
346.0,90.2,50,50,7.85 MB/s,0
346.0,90.2,50,50,7.13 MB/s,0
346.0,90.3,50,50,6.99 MB/s,0
346.0,90.3,50,50,6.25 MB/s,0
346.0,90.4,50,50,6.03 MB/s,0
346.0,90.4,49,50,5.88 MB/s,0
346.0,90.5,49,50,6.29 MB/s,0
346.0,90.5,49,50,5.90 MB/s,0
346.0,90.5,49,50,5.60 MB/s,0
346.0,90.6,49,50,5.56 MB/s,0
346.0,90.7,49,50,6.15 MB/s,0
346.0,90.7,49,50,6.32 MB/s,0
346.0,90.8,49,50,6.41 MB/s,0
356.0,90.9,49,50,6.74 MB/s,0
356.0,91.0,48,50,7.38 MB/s,0
356.0,91.0,48,50,7.74 MB/s,0
356.0,91.1,48,50,8.13 MB/s,0
356.0,91.2,48,50,8.00 MB/s,0
356.0,91.2,48,50,7.99 MB/s,0
356.0,91.3,48,50,7.82 MB/s,0
356.0,91.3,48,50,7.85 MB/s,0
356.0,91.4,48,50,7.69 MB/s,0
356.0,91.5,48,50,7.88 MB/s,0
356.0,91.5,48,50,7.99 MB/s,0
356.0,91.6,48,50,7.60 MB/s,0
356.0,91.6,48,50,7.46 MB/s,0
356.0,91.7,48,50,7.73 MB/s,0
356.0,91.8,48,50,7.59 MB/s,0
356.0,91.8,48,50,7.69 MB/s,0
356.0,91.9,48,50,7.27 MB/s,0
356.0,91.9,48,50,7.17 MB/s,0
356.0,91.9,48,50,6.05 MB/s,0
356.0,91.9,48,50,5.50 MB/s,0
356.0,92.0,48,50,5.36 MB/s,0
356.0,92.0,48,50,5.26 MB/s,0
356.0,92.0,48,50,4.51 MB/s,0
356.0,92.0,48,50,3.98 MB/s,0
356.0,92.1,48,50,3.40 MB/s,0
356.0,92.1,48,50,3.34 MB/s,0
356.0,92.1,48,50,3.81 MB/s,0
356.0,92.2,48,50,4.02 MB/s,0
356.0,92.2,48,50,4.58 MB/s,0
356.0,92.3,48,50,4.87 MB/s,0
356.0,92.3,48,50,4.83 MB/s,0
356.0,92.4,48,50,4.91 MB/s,0
356.0,92.4,48,50,5.21 MB/s,0
356.0,92.5,48,50,5.54 MB/s,0
356.0,92.5,48,50,5.96 MB/s,0
356.0,92.6,48,50,6.72 MB/s,0
356.0,92.6,48,50,6.95 MB/s,0
356.0,92.7,48,50,7.09 MB/s,0
356.0,92.8,48,50,7.22 MB/s,0
356.0,92.8,48,50,7.64 MB/s,0
356.0,92.9,49,50,7.97 MB/s,0
356.0,93.0,49,50,8.29 MB/s,0
356.0,93.0,49,50,8.37 MB/s,0
356.0,93.1,49,50,8.42 MB/s,0
356.0,93.1,49,50,7.76 MB/s,0
356.0,93.1,49,50,7.09 MB/s,0
356.0,93.2,49,50,8.06 MB/s,0
356.0,93.3,49,50,8.08 MB/s,0
356.0,93.4,49,50,7.92 MB/s,0
356.0,93.4,49,50,7.71 MB/s,0
366.0,93.5,49,50,7.66 MB/s,0
366.0,93.5,49,50,7.58 MB/s,0
366.0,93.6,49,50,7.68 MB/s,0
366.0,93.7,49,50,7.93 MB/s,0
366.0,93.7,49,50,8.19 MB/s,0
366.0,93.8,49,50,7.84 MB/s,0
366.0,93.8,49,50,7.42 MB/s,0
366.0,93.8,49,50,6.95 MB/s,0
366.0,93.9,49,50,6.39 MB/s,0
366.0,93.9,49,50,5.85 MB/s,0
366.0,93.9,49,50,5.53 MB/s,0
366.0,94.0,49,50,6.25 MB/s,0
366.0,94.1,49,50,6.47 MB/s,0
366.0,94.2,48,49,6.35 MB/s,0
366.0,94.2,48,49,6.27 MB/s,0
366.0,94.2,48,49,5.60 MB/s,0
366.0,94.2,48,49,5.51 MB/s,0
366.0,94.3,48,49,6.07 MB/s,0
366.0,94.4,48,49,6.68 MB/s,0
366.0,94.4,48,49,6.62 MB/s,0
366.0,94.5,48,49,5.79 MB/s,0
366.0,94.5,48,49,6.68 MB/s,0
366.0,94.6,48,50,6.49 MB/s,0
366.0,94.6,48,50,6.75 MB/s,0
366.0,94.7,48,51,6.84 MB/s,0
366.0,94.8,48,51,7.48 MB/s,0
366.0,94.8,48,50,7.28 MB/s,0
366.0,94.9,48,50,7.57 MB/s,0
366.0,94.9,48,50,7.73 MB/s,0
366.0,95.0,48,50,8.11 MB/s,0
366.0,95.1,48,50,8.50 MB/s,0
366.0,95.2,48,50,8.89 MB/s,0
366.0,95.3,48,50,9.10 MB/s,0
366.0,95.4,47,49,9.49 MB/s,0
366.0,95.4,47,49,9.63 MB/s,0
366.0,95.5,47,49,9.43 MB/s,0
366.0,95.6,47,49,9.99 MB/s,0
366.0,95.6,47,49,10.16 MB/s,0
366.0,95.7,47,49,10.41 MB/s,0
366.0,95.8,47,49,9.97 MB/s,0
366.0,95.8,47,49,9.13 MB/s,0
366.0,95.9,47,50,9.30 MB/s,0
366.0,95.9,47,51,8.89 MB/s,0
366.0,96.0,47,50,8.80 MB/s,0
366.0,96.1,47,51,8.91 MB/s,0
366.0,96.1,47,51,8.92 MB/s,0
366.0,96.2,47,50,7.79 MB/s,0
366.0,96.2,47,52,7.00 MB/s,0
366.0,96.2,47,50,6.83 MB/s,0
366.0,96.3,47,50,7.22 MB/s,0
376.0,96.3,47,50,6.50 MB/s,0
376.0,96.4,47,50,6.03 MB/s,0
376.0,96.4,47,50,6.18 MB/s,0
376.0,96.4,47,50,5.43 MB/s,0
376.0,96.5,47,50,5.23 MB/s,0
376.0,96.5,47,50,5.47 MB/s,0
376.0,96.6,47,50,5.70 MB/s,0
376.0,96.6,47,50,5.86 MB/s,0
376.0,96.6,47,50,4.92 MB/s,0
376.0,96.7,47,50,5.38 MB/s,0
376.0,96.8,47,50,6.14 MB/s,0
376.0,96.9,47,50,7.10 MB/s,0
376.0,97.0,47,50,7.26 MB/s,0
376.0,97.1,47,50,7.95 MB/s,0
376.0,97.1,48,50,8.43 MB/s,0
376.0,97.2,48,50,8.97 MB/s,0
376.0,97.3,48,50,9.54 MB/s,0
376.0,97.4,48,50,10.24 MB/s,0
376.0,97.4,48,50,9.93 MB/s,0
376.0,97.5,48,50,9.95 MB/s,0
376.0,97.6,48,50,9.66 MB/s,0
376.0,97.7,48,50,9.94 MB/s,0
376.0,97.8,47,50,9.86 MB/s,0
376.0,97.8,47,50,9.91 MB/s,0
376.0,97.9,48,50,9.78 MB/s,0
376.0,97.9,48,50,9.03 MB/s,0
376.0,98.0,48,50,8.73 MB/s,0
376.0,98.1,48,50,11.01 MB/s,0
376.0,98.2,48,50,11.34 MB/s,0
376.0,98.2,48,50,10.83 MB/s,0
376.0,98.3,48,50,11.56 MB/s,0
376.0,98.3,48,50,11.07 MB/s,0
376.0,98.4,48,50,10.79 MB/s,0
376.0,98.4,48,50,10.12 MB/s,0
376.0,98.5,48,50,10.09 MB/s,0
376.0,98.6,48,50,10.82 MB/s,0
376.0,98.6,48,50,10.90 MB/s,0
376.0,98.7,48,50,9.26 MB/s,0
376.0,98.8,48,50,10.14 MB/s,0
376.0,98.9,48,50,10.49 MB/s,0
376.0,98.9,48,50,10.17 MB/s,0
376.0,99.0,48,50,9.97 MB/s,0
376.0,99.1,48,50,10.59 MB/s,0
376.0,99.1,48,50,10.94 MB/s,0
376.0,99.2,48,50,11.30 MB/s,0
376.0,99.3,48,50,11.02 MB/s,0
376.0,99.3,48,50,11.17 MB/s,0
376.0,99.3,48,50,10.02 MB/s,0
376.0,99.4,48,50,9.53 MB/s,0
376.0,99.4,47,50,9.54 MB/s,0
376.0,99.5,47,50,9.26 MB/s,0
386.0,99.5,47,50,8.07 MB/s,0
386.0,99.6,47,50,7.46 MB/s,0
386.0,99.6,47,50,7.08 MB/s,0
386.0,99.6,47,50,6.35 MB/s,0
386.0,99.6,47,50,6.45 MB/s,0
386.0,99.7,47,50,6.97 MB/s,0
386.0,99.7,47,50,6.40 MB/s,0
386.0,99.7,47,50,6.58 MB/s,0
386.0,99.8,47,50,6.92 MB/s,0
386.0,99.8,47,50,7.10 MB/s,0
386.0,99.8,47,50,7.28 MB/s,0
386.0,99.8,47,50,7.40 MB/s,0
386.0,99.9,47,50,7.76 MB/s,0
386.0,99.9,47,50,7.93 MB/s,0
386.0,99.9,47,50,7.84 MB/s,0
386.0,99.9,47,50,7.62 MB/s,0
386.0,99.9,47,50,7.32 MB/s,0
386.0,99.9,47,50,6.90 MB/s,0
386.0,99.9,47,50,6.43 MB/s,0
386.0,99.9,47,50,5.85 MB/s,0
386.0,99.9,39,50,5.10 MB/s,0
386.0,99.9,39,50,4.40 MB/s,0
386.0,99.9,39,50,3.71 MB/s,0
386.0,99.9,39,50,3.20 MB/s,0
386.0,99.9,40,50,2.90 MB/s,0
386.0,99.9,40,50,2.61 MB/s,0
386.0,100.0,40,50,2.63 MB/s,0
